-- Initial data for the compendium

INSERT INTO languages (code, english_name, original_name) VALUES ('1','English','English');
INSERT INTO languages (code, english_name, original_name) VALUES ('2','Spanish','Español');
INSERT INTO languages (code, english_name, original_name) VALUES ('3','French','Françoise');
INSERT INTO languages (code, english_name, original_name) VALUES ('4','Portuguese','Português');
INSERT INTO languages (code, english_name, original_name) VALUES ('5','Chinese','中国');

INSERT INTO regions (code, name) VALUES ('AFR','Sub-Saharan Africa');
INSERT INTO regions (code, name) VALUES ('EAP','East Asia and Pacific');
INSERT INTO regions (code, name) VALUES ('ECA','Eastern Europe and Central Asia (West, Central)');
INSERT INTO regions (code, name) VALUES ('LAC','Latin America and Caribbean');
INSERT INTO regions (code, name) VALUES ('MNA','Middle East and North Africa');
INSERT INTO regions (code, name) VALUES ('SAS','South Asia');

INSERT INTO countries (code, name, region_code) VALUES ('1','Angola','AFR');
INSERT INTO countries (code, name, region_code) VALUES ('10','Congo','AFR');
INSERT INTO countries (code, name, region_code) VALUES ('100','Pakistan','SAS');
INSERT INTO countries (code, name, region_code) VALUES ('101','Sri Lanka','SAS');
INSERT INTO countries (code, name, region_code) VALUES ('102','Brunei','EAP');
INSERT INTO countries (code, name, region_code) VALUES ('103','Cambodia','EAP');
INSERT INTO countries (code, name, region_code) VALUES ('104','China','EAP');
INSERT INTO countries (code, name, region_code) VALUES ('105','Federated States of Micronesia','EAP');
INSERT INTO countries (code, name, region_code) VALUES ('106','Fiji','EAP');
INSERT INTO countries (code, name, region_code) VALUES ('107','Indonesia','EAP');
INSERT INTO countries (code, name, region_code) VALUES ('108','Laos','EAP');
INSERT INTO countries (code, name, region_code) VALUES ('109','Malaysia','EAP');
INSERT INTO countries (code, name, region_code) VALUES ('11','Djibouti','AFR');
INSERT INTO countries (code, name, region_code) VALUES ('110','Marshall Islands','EAP');
INSERT INTO countries (code, name, region_code) VALUES ('111','Mongolia','EAP');
INSERT INTO countries (code, name, region_code) VALUES ('112','Myanmar (Burma)','EAP');
INSERT INTO countries (code, name, region_code) VALUES ('113','New Caledonia','EAP');
INSERT INTO countries (code, name, region_code) VALUES ('114','North Korea','EAP');
INSERT INTO countries (code, name, region_code) VALUES ('115','Pacific Islands (Palau)','EAP');
INSERT INTO countries (code, name, region_code) VALUES ('116','Papua New Guinea','EAP');
INSERT INTO countries (code, name, region_code) VALUES ('117','Philippines','EAP');
INSERT INTO countries (code, name, region_code) VALUES ('118','Singapore','EAP');
INSERT INTO countries (code, name, region_code) VALUES ('119','Solomon Islands','EAP');
INSERT INTO countries (code, name, region_code) VALUES ('12','Equatorial Guinea','AFR');
INSERT INTO countries (code, name, region_code) VALUES ('120','South Korea','EAP');
INSERT INTO countries (code, name, region_code) VALUES ('121','Spratly Islands','EAP');
INSERT INTO countries (code, name, region_code) VALUES ('122','Taiwan','EAP');
INSERT INTO countries (code, name, region_code) VALUES ('123','Thailand','EAP');
INSERT INTO countries (code, name, region_code) VALUES ('124','Vanuatu','EAP');
INSERT INTO countries (code, name, region_code) VALUES ('125','Vietnam','EAP');
INSERT INTO countries (code, name, region_code) VALUES ('126','Anguilla','LAC');
INSERT INTO countries (code, name, region_code) VALUES ('127','Antigua and Barbuda','LAC');
INSERT INTO countries (code, name, region_code) VALUES ('128','Argentina','LAC');
INSERT INTO countries (code, name, region_code) VALUES ('129','Aruba','LAC');
INSERT INTO countries (code, name, region_code) VALUES ('13','Eritrea','AFR');
INSERT INTO countries (code, name, region_code) VALUES ('130','Barbados','LAC');
INSERT INTO countries (code, name, region_code) VALUES ('131','Belize','LAC');
INSERT INTO countries (code, name, region_code) VALUES ('132','Bolivia','LAC');
INSERT INTO countries (code, name, region_code) VALUES ('133','Brazil','LAC');
INSERT INTO countries (code, name, region_code) VALUES ('134','British Virgin Islands','LAC');
INSERT INTO countries (code, name, region_code) VALUES ('135','Chile','LAC');
INSERT INTO countries (code, name, region_code) VALUES ('136','Colombia','LAC');
INSERT INTO countries (code, name, region_code) VALUES ('137','Costa Rica','LAC');
INSERT INTO countries (code, name, region_code) VALUES ('138','Cuba','LAC');
INSERT INTO countries (code, name, region_code) VALUES ('139','Dominica','LAC');
INSERT INTO countries (code, name, region_code) VALUES ('14','Ethiopia','AFR');
INSERT INTO countries (code, name, region_code) VALUES ('140','Dominican Republic','LAC');
INSERT INTO countries (code, name, region_code) VALUES ('141','Ecuador','LAC');
INSERT INTO countries (code, name, region_code) VALUES ('142','El Salvador','LAC');
INSERT INTO countries (code, name, region_code) VALUES ('143','Falkland Islands (Islas Malvinas)','LAC');
INSERT INTO countries (code, name, region_code) VALUES ('144','French Guiana','LAC');
INSERT INTO countries (code, name, region_code) VALUES ('145','Grenada','LAC');
INSERT INTO countries (code, name, region_code) VALUES ('146','Guadeloupe','LAC');
INSERT INTO countries (code, name, region_code) VALUES ('147','Guatemala','LAC');
INSERT INTO countries (code, name, region_code) VALUES ('148','Guyana','LAC');
INSERT INTO countries (code, name, region_code) VALUES ('149','Haiti','LAC');
INSERT INTO countries (code, name, region_code) VALUES ('15','Gabon','AFR');
INSERT INTO countries (code, name, region_code) VALUES ('150','Honduras','LAC');
INSERT INTO countries (code, name, region_code) VALUES ('151','Jamaica','LAC');
INSERT INTO countries (code, name, region_code) VALUES ('152','Martinique','LAC');
INSERT INTO countries (code, name, region_code) VALUES ('153','Mexico','LAC');
INSERT INTO countries (code, name, region_code) VALUES ('154','Montserrat','LAC');
INSERT INTO countries (code, name, region_code) VALUES ('155','Netherlands Antilles','LAC');
INSERT INTO countries (code, name, region_code) VALUES ('156','Nicaragua','LAC');
INSERT INTO countries (code, name, region_code) VALUES ('157','Panama','LAC');
INSERT INTO countries (code, name, region_code) VALUES ('158','Paraguay','LAC');
INSERT INTO countries (code, name, region_code) VALUES ('159','Peru','LAC');
INSERT INTO countries (code, name, region_code) VALUES ('16','Gambia','AFR');
INSERT INTO countries (code, name, region_code) VALUES ('160','Puerto Rico','LAC');
INSERT INTO countries (code, name, region_code) VALUES ('161','St. Kitts and Nevis','LAC');
INSERT INTO countries (code, name, region_code) VALUES ('162','St. Lucia','LAC');
INSERT INTO countries (code, name, region_code) VALUES ('163','St. Vincent and the Grenadines','LAC');
INSERT INTO countries (code, name, region_code) VALUES ('164','Suriname','LAC');
INSERT INTO countries (code, name, region_code) VALUES ('165','Trinidad and Tobago','LAC');
INSERT INTO countries (code, name, region_code) VALUES ('166','Uruguay','LAC');
INSERT INTO countries (code, name, region_code) VALUES ('167','Venezuela','LAC');
INSERT INTO countries (code, name, region_code) VALUES ('168','Virgin Islands','LAC');
INSERT INTO countries (code, name, region_code) VALUES ('17','Ghana','AFR');
INSERT INTO countries (code, name, region_code) VALUES ('18','Glorioso Islands','AFR');
INSERT INTO countries (code, name, region_code) VALUES ('19','Guinea','AFR');
INSERT INTO countries (code, name, region_code) VALUES ('2','Benin','AFR');
INSERT INTO countries (code, name, region_code) VALUES ('20','Guinea-Bissau','AFR');
INSERT INTO countries (code, name, region_code) VALUES ('21','Ivory Coast','AFR');
INSERT INTO countries (code, name, region_code) VALUES ('22','Juan De Nova Island','AFR');
INSERT INTO countries (code, name, region_code) VALUES ('23','Kenya','AFR');
INSERT INTO countries (code, name, region_code) VALUES ('24','Lesotho','AFR');
INSERT INTO countries (code, name, region_code) VALUES ('25','Liberia','AFR');
INSERT INTO countries (code, name, region_code) VALUES ('26','Madagascar','AFR');
INSERT INTO countries (code, name, region_code) VALUES ('27','Malawi','AFR');
INSERT INTO countries (code, name, region_code) VALUES ('28','Mali','AFR');
INSERT INTO countries (code, name, region_code) VALUES ('29','Mauritania','AFR');
INSERT INTO countries (code, name, region_code) VALUES ('3','Botswana','AFR');
INSERT INTO countries (code, name, region_code) VALUES ('30','Mayotte','AFR');
INSERT INTO countries (code, name, region_code) VALUES ('31','Mozambique','AFR');
INSERT INTO countries (code, name, region_code) VALUES ('32','Namibia','AFR');
INSERT INTO countries (code, name, region_code) VALUES ('33','Niger','AFR');
INSERT INTO countries (code, name, region_code) VALUES ('34','Nigeria','AFR');
INSERT INTO countries (code, name, region_code) VALUES ('35','Rwanda','AFR');
INSERT INTO countries (code, name, region_code) VALUES ('36','Sao Tome and Principe','AFR');
INSERT INTO countries (code, name, region_code) VALUES ('37','Senegal','AFR');
INSERT INTO countries (code, name, region_code) VALUES ('38','Seychelles','AFR');
INSERT INTO countries (code, name, region_code) VALUES ('39','Sierra Leone','AFR');
INSERT INTO countries (code, name, region_code) VALUES ('4','Burkina Faso','AFR');
INSERT INTO countries (code, name, region_code) VALUES ('40','Somalia','AFR');
INSERT INTO countries (code, name, region_code) VALUES ('41','South Africa','AFR');
INSERT INTO countries (code, name, region_code) VALUES ('42','Sudan','AFR');
INSERT INTO countries (code, name, region_code) VALUES ('43','Swaziland','AFR');
INSERT INTO countries (code, name, region_code) VALUES ('44','Tanzania, United Republic of','AFR');
INSERT INTO countries (code, name, region_code) VALUES ('45','Togo','AFR');
INSERT INTO countries (code, name, region_code) VALUES ('46','Uganda','AFR');
INSERT INTO countries (code, name, region_code) VALUES ('47','Western Sahara','AFR');
INSERT INTO countries (code, name, region_code) VALUES ('48','Zaire','AFR');
INSERT INTO countries (code, name, region_code) VALUES ('49','Zambia','AFR');
INSERT INTO countries (code, name, region_code) VALUES ('5','Burundi','AFR');
INSERT INTO countries (code, name, region_code) VALUES ('50','Zimbabwe','AFR');
INSERT INTO countries (code, name, region_code) VALUES ('51','Algeria','MNA');
INSERT INTO countries (code, name, region_code) VALUES ('52','Egypt','MNA');
INSERT INTO countries (code, name, region_code) VALUES ('53','Gaza Strip','MNA');
INSERT INTO countries (code, name, region_code) VALUES ('54','Iran','MNA');
INSERT INTO countries (code, name, region_code) VALUES ('55','Iraq','MNA');
INSERT INTO countries (code, name, region_code) VALUES ('56','Jordan','MNA');
INSERT INTO countries (code, name, region_code) VALUES ('57','Lebanon','MNA');
INSERT INTO countries (code, name, region_code) VALUES ('58','Libya','MNA');
INSERT INTO countries (code, name, region_code) VALUES ('59','Morocco','MNA');
INSERT INTO countries (code, name, region_code) VALUES ('6','Cameroon','AFR');
INSERT INTO countries (code, name, region_code) VALUES ('60','Oman','MNA');
INSERT INTO countries (code, name, region_code) VALUES ('61','Saudi Arabia','MNA');
INSERT INTO countries (code, name, region_code) VALUES ('62','Syria','MNA');
INSERT INTO countries (code, name, region_code) VALUES ('63','Tunisia','MNA');
INSERT INTO countries (code, name, region_code) VALUES ('64','West Bank','MNA');
INSERT INTO countries (code, name, region_code) VALUES ('65','Yemen','MNA');
INSERT INTO countries (code, name, region_code) VALUES ('66','Albania','ECA');
INSERT INTO countries (code, name, region_code) VALUES ('67','Armenia','ECA');
INSERT INTO countries (code, name, region_code) VALUES ('68','Azerbaijan','ECA');
INSERT INTO countries (code, name, region_code) VALUES ('69','Bosnia and Herzegovina','ECA');
INSERT INTO countries (code, name, region_code) VALUES ('7','Central African Republic','AFR');
INSERT INTO countries (code, name, region_code) VALUES ('70','Bulgaria','ECA');
INSERT INTO countries (code, name, region_code) VALUES ('71','Byelarus','ECA');
INSERT INTO countries (code, name, region_code) VALUES ('72','Croatia','ECA');
INSERT INTO countries (code, name, region_code) VALUES ('73','Czech Republic','ECA');
INSERT INTO countries (code, name, region_code) VALUES ('74','Estonia','ECA');
INSERT INTO countries (code, name, region_code) VALUES ('75','Georgia','ECA');
INSERT INTO countries (code, name, region_code) VALUES ('76','Hungary','ECA');
INSERT INTO countries (code, name, region_code) VALUES ('77','Kazakhstan','ECA');
INSERT INTO countries (code, name, region_code) VALUES ('78','Kyrgyzstan','ECA');
INSERT INTO countries (code, name, region_code) VALUES ('79','Latvia','ECA');
INSERT INTO countries (code, name, region_code) VALUES ('8','Chad','AFR');
INSERT INTO countries (code, name, region_code) VALUES ('80','Lithuania','ECA');
INSERT INTO countries (code, name, region_code) VALUES ('81','Macedonia','ECA');
INSERT INTO countries (code, name, region_code) VALUES ('82','Moldova','ECA');
INSERT INTO countries (code, name, region_code) VALUES ('83','Montenegro','ECA');
INSERT INTO countries (code, name, region_code) VALUES ('84','Poland','ECA');
INSERT INTO countries (code, name, region_code) VALUES ('85','Romania','ECA');
INSERT INTO countries (code, name, region_code) VALUES ('86','Russia','ECA');
INSERT INTO countries (code, name, region_code) VALUES ('87','Serbia','ECA');
INSERT INTO countries (code, name, region_code) VALUES ('88','Slovakia','ECA');
INSERT INTO countries (code, name, region_code) VALUES ('89','Slovenia','ECA');
INSERT INTO countries (code, name, region_code) VALUES ('9','Comoros','AFR');
INSERT INTO countries (code, name, region_code) VALUES ('90','Tajikistan','ECA');
INSERT INTO countries (code, name, region_code) VALUES ('91','Turkey','ECA');
INSERT INTO countries (code, name, region_code) VALUES ('92','Turkmenistan','ECA');
INSERT INTO countries (code, name, region_code) VALUES ('93','Ukraine','ECA');
INSERT INTO countries (code, name, region_code) VALUES ('94','Uzbekistan','ECA');
INSERT INTO countries (code, name, region_code) VALUES ('95','Afghanistan','SAS');
INSERT INTO countries (code, name, region_code) VALUES ('96','Bangladesh','SAS');
INSERT INTO countries (code, name, region_code) VALUES ('97','Bhutan','SAS');
INSERT INTO countries (code, name, region_code) VALUES ('98','India','SAS');
INSERT INTO countries (code, name, region_code) VALUES ('99','Nepal','SAS');


INSERT INTO farming_systems (id, code, name, description, documentation, region_code) VALUES (1,'a1','Irrigated',NULL,NULL,'AFR');
INSERT INTO farming_systems (id, code, name, description, documentation, region_code) VALUES (2,'a2','Tree crop',NULL,NULL,'AFR');
INSERT INTO farming_systems (id, code, name, description, documentation, region_code) VALUES (3,'a3','Forest based',NULL,NULL,'AFR');
INSERT INTO farming_systems (id, code, name, description, documentation, region_code) VALUES (4,'a4','Rice-tree crop',NULL,NULL,'AFR');
INSERT INTO farming_systems (id, code, name, description, documentation, region_code) VALUES (5,'a5','Highland perennial',NULL,NULL,'AFR');
INSERT INTO farming_systems (id, code, name, description, documentation, region_code) VALUES (6,'a6','Highland temperate mixed',NULL,NULL,'AFR');
INSERT INTO farming_systems (id, code, name, description, documentation, region_code) VALUES (7,'a7','Root crop',NULL,NULL,'AFR');
INSERT INTO farming_systems (id, code, name, description, documentation, region_code) VALUES (8,'a8','Cereal-root crop mixed',NULL,NULL,'AFR');
INSERT INTO farming_systems (id, code, name, description, documentation, region_code) VALUES (9,'a9','Maize mixed',NULL,NULL,'AFR');
INSERT INTO farming_systems (id, code, name, description, documentation, region_code) VALUES (10,'a10','Large commercial & smallholder',NULL,NULL,'AFR');
INSERT INTO farming_systems (id, code, name, description, documentation, region_code) VALUES (11,'a11','Agro-pastoral millet/sorghum',NULL,NULL,'AFR');
INSERT INTO farming_systems (id, code, name, description, documentation, region_code) VALUES (12,'a12','Pastoral',NULL,NULL,'AFR');
INSERT INTO farming_systems (id, code, name, description, documentation, region_code) VALUES (13,'a13','Sparse (arid)',NULL,NULL,'AFR');
INSERT INTO farming_systems (id, code, name, description, documentation, region_code) VALUES (14,'a14','Coastal artisanal fishing',NULL,NULL,'AFR');
INSERT INTO farming_systems (id, code, name, description, documentation, region_code) VALUES (15,'a15','Urban based (not mapped)',NULL,NULL,'AFR');
INSERT INTO farming_systems (id, code, name, description, documentation, region_code) VALUES (16,'b1','Irrigated',NULL,NULL,'MNA');
INSERT INTO farming_systems (id, code, name, description, documentation, region_code) VALUES (17,'b2','Highland mixed',NULL,NULL,'MNA');
INSERT INTO farming_systems (id, code, name, description, documentation, region_code) VALUES (18,'b3','Rainfed mixed',NULL,NULL,'MNA');
INSERT INTO farming_systems (id, code, name, description, documentation, region_code) VALUES (19,'b4','Dryland mixed',NULL,NULL,'MNA');
INSERT INTO farming_systems (id, code, name, description, documentation, region_code) VALUES (20,'b5','Pastoral',NULL,NULL,'MNA');
INSERT INTO farming_systems (id, code, name, description, documentation, region_code) VALUES (21,'b6','Sparse (arid)',NULL,NULL,'MNA');
INSERT INTO farming_systems (id, code, name, description, documentation, region_code) VALUES (22,'b7','Coastal artisanal fishing (not mapped)',NULL,NULL,'MNA');
INSERT INTO farming_systems (id, code, name, description, documentation, region_code) VALUES (23,'b8','Urban based (not mapped)',NULL,NULL,'MNA');
INSERT INTO farming_systems (id, code, name, description, documentation, region_code) VALUES (24,'c1','Irrigated',NULL,NULL,'ECA');
INSERT INTO farming_systems (id, code, name, description, documentation, region_code) VALUES (25,'c2','Mixed',NULL,NULL,'ECA');
INSERT INTO farming_systems (id, code, name, description, documentation, region_code) VALUES (26,'c3','Forest based livestock',NULL,NULL,'ECA');
INSERT INTO farming_systems (id, code, name, description, documentation, region_code) VALUES (27,'c4','Horticulture mixed',NULL,NULL,'ECA');
INSERT INTO farming_systems (id, code, name, description, documentation, region_code) VALUES (28,'c5','Large scale cereal-vegetable',NULL,NULL,'ECA');
INSERT INTO farming_systems (id, code, name, description, documentation, region_code) VALUES (29,'c6','Small scale cereal-livestock',NULL,NULL,'ECA');
INSERT INTO farming_systems (id, code, name, description, documentation, region_code) VALUES (30,'c7','Extensive cereal-livestock',NULL,NULL,'ECA');
INSERT INTO farming_systems (id, code, name, description, documentation, region_code) VALUES (31,'c8','Pastoral',NULL,NULL,'ECA');
INSERT INTO farming_systems (id, code, name, description, documentation, region_code) VALUES (32,'c9','Sparse (cold)',NULL,NULL,'ECA');
INSERT INTO farming_systems (id, code, name, description, documentation, region_code) VALUES (33,'c10','Sparse (arid)',NULL,NULL,'ECA');
INSERT INTO farming_systems (id, code, name, description, documentation, region_code) VALUES (34,'c11','Urban based (not mapped)',NULL,NULL,'ECA');
INSERT INTO farming_systems (id, code, name, description, documentation, region_code) VALUES (35,'d1','Rice',NULL,NULL,'SAS');
INSERT INTO farming_systems (id, code, name, description, documentation, region_code) VALUES (36,'d2','Coastal artisanal fishing',NULL,NULL,'SAS');
INSERT INTO farming_systems (id, code, name, description, documentation, region_code) VALUES (37,'d3','Rice-wheat',NULL,NULL,'SAS');
INSERT INTO farming_systems (id, code, name, description, documentation, region_code) VALUES (38,'d4','Highland mixed',NULL,NULL,'SAS');
INSERT INTO farming_systems (id, code, name, description, documentation, region_code) VALUES (39,'d5','Rainfed mixed',NULL,NULL,'SAS');
INSERT INTO farming_systems (id, code, name, description, documentation, region_code) VALUES (40,'d6','Dry rainfed',NULL,NULL,'SAS');
INSERT INTO farming_systems (id, code, name, description, documentation, region_code) VALUES (41,'d7','Pastoral',NULL,NULL,'SAS');
INSERT INTO farming_systems (id, code, name, description, documentation, region_code) VALUES (42,'d8','Sparse (arid)',NULL,NULL,'SAS');
INSERT INTO farming_systems (id, code, name, description, documentation, region_code) VALUES (43,'d9','Sparse (mountain)',NULL,NULL,'SAS');
INSERT INTO farming_systems (id, code, name, description, documentation, region_code) VALUES (44,'d10','Tree crop (not mapped)',NULL,NULL,'SAS');
INSERT INTO farming_systems (id, code, name, description, documentation, region_code) VALUES (45,'d11','Urban based (not mapped)',NULL,NULL,'SAS');
INSERT INTO farming_systems (id, code, name, description, documentation, region_code) VALUES (46,'e1','Lowland rice',NULL,NULL,'EAP');
INSERT INTO farming_systems (id, code, name, description, documentation, region_code) VALUES (47,'e2','Tree crop mixed',NULL,NULL,'EAP');
INSERT INTO farming_systems (id, code, name, description, documentation, region_code) VALUES (48,'e3','Root-tuber',NULL,NULL,'EAP');
INSERT INTO farming_systems (id, code, name, description, documentation, region_code) VALUES (49,'e4','Upland intensive mixed',NULL,NULL,'EAP');
INSERT INTO farming_systems (id, code, name, description, documentation, region_code) VALUES (50,'e5','Highland extensive mixed',NULL,NULL,'EAP');
INSERT INTO farming_systems (id, code, name, description, documentation, region_code) VALUES (51,'e6','Temperate mixed',NULL,NULL,'EAP');
INSERT INTO farming_systems (id, code, name, description, documentation, region_code) VALUES (52,'e7','Pastoral',NULL,NULL,'EAP');
INSERT INTO farming_systems (id, code, name, description, documentation, region_code) VALUES (53,'e8','Sparse (forest)',NULL,NULL,'EAP');
INSERT INTO farming_systems (id, code, name, description, documentation, region_code) VALUES (54,'e9','Sparse (arid)',NULL,NULL,'EAP');
INSERT INTO farming_systems (id, code, name, description, documentation, region_code) VALUES (55,'e10','Coastal artisanal fishing (not mapped)',NULL,NULL,'EAP');
INSERT INTO farming_systems (id, code, name, description, documentation, region_code) VALUES (56,'e11','Urban based (not mapped)',NULL,NULL,'EAP');
INSERT INTO farming_systems (id, code, name, description, documentation, region_code) VALUES (57,'f1','Irrigated',NULL,NULL,'LAC');
INSERT INTO farming_systems (id, code, name, description, documentation, region_code) VALUES (58,'f2','Forest based',NULL,NULL,'LAC');
INSERT INTO farming_systems (id, code, name, description, documentation, region_code) VALUES (59,'f3','Coastal plantation & mixed',NULL,NULL,'LAC');
INSERT INTO farming_systems (id, code, name, description, documentation, region_code) VALUES (60,'f4','Intensive mixed',NULL,NULL,'LAC');
INSERT INTO farming_systems (id, code, name, description, documentation, region_code) VALUES (61,'f5','Cereal-livestock (Campos)',NULL,NULL,'LAC');
INSERT INTO farming_systems (id, code, name, description, documentation, region_code) VALUES (62,'f6','Maize-beans (Mesoamerica)',NULL,NULL,'LAC');
INSERT INTO farming_systems (id, code, name, description, documentation, region_code) VALUES (63,'f7','Extensive mixed (Cerrados & Llanos)',NULL,NULL,'LAC');
INSERT INTO farming_systems (id, code, name, description, documentation, region_code) VALUES (64,'f8','Intensive highland mixed (North Andes)',NULL,NULL,'LAC');
INSERT INTO farming_systems (id, code, name, description, documentation, region_code) VALUES (65,'f9','High altitude mixed (Central Andes)',NULL,NULL,'LAC');
INSERT INTO farming_systems (id, code, name, description, documentation, region_code) VALUES (66,'f10','Mediterranean mixed',NULL,NULL,'LAC');
INSERT INTO farming_systems (id, code, name, description, documentation, region_code) VALUES (67,'f11','Temperate mixed (Pampas)',NULL,NULL,'LAC');
INSERT INTO farming_systems (id, code, name, description, documentation, region_code) VALUES (68,'f12','Extensive dryland mixed (Gran Chaco)',NULL,NULL,'LAC');
INSERT INTO farming_systems (id, code, name, description, documentation, region_code) VALUES (69,'f13','Dryland mixed',NULL,NULL,'LAC');
INSERT INTO farming_systems (id, code, name, description, documentation, region_code) VALUES (70,'f14','Pastoral',NULL,NULL,'LAC');
INSERT INTO farming_systems (id, code, name, description, documentation, region_code) VALUES (71,'f15','Sparse (forest)',NULL,NULL,'LAC');
INSERT INTO farming_systems (id, code, name, description, documentation, region_code) VALUES (72,'f16','Urban based (not mapped)',NULL,NULL,'LAC');
INSERT INTO farming_systems (id, code, name, description, documentation, region_code) VALUES (73,'f17','Moist temperate mixed-forest',NULL,NULL,'LAC');


INSERT INTO categories (id, code, name, description, documentation) VALUES (1,'A','Animals',NULL,NULL);
INSERT INTO categories (id, code, name, description, documentation) VALUES (2,'B','Berries',NULL,NULL);
INSERT INTO categories (id, code, name, description, documentation) VALUES (3,'C','Cereals',NULL,NULL);
INSERT INTO categories (id, code, name, description, documentation) VALUES (4,'D','Fibre crops',NULL,NULL);
INSERT INTO categories (id, code, name, description, documentation) VALUES (5,'E','Fruits',NULL,NULL);
INSERT INTO categories (id, code, name, description, documentation) VALUES (6,'F','Nuts, seeds',NULL,NULL);
INSERT INTO categories (id, code, name, description, documentation) VALUES (7,'G','Oil crops',NULL,NULL);
INSERT INTO categories (id, code, name, description, documentation) VALUES (8,'H','Pulses',NULL,NULL);
INSERT INTO categories (id, code, name, description, documentation) VALUES (9,'I','Roots, tubers',NULL,NULL);
INSERT INTO categories (id, code, name, description, documentation) VALUES (10,'J','Spices',NULL,NULL);
INSERT INTO categories (id, code, name, description, documentation) VALUES (11,'K','Vegetables',NULL,NULL);
INSERT INTO categories (id, code, name, description, documentation) VALUES (12,'L','Other plant products',NULL,NULL);
INSERT INTO categories (id, code, name, description, documentation) VALUES (13,'M','Fuel Efficient Stoves',NULL,NULL);
INSERT INTO categories (id, code, name, description, documentation) VALUES (14,'N','Other',NULL,NULL);
INSERT INTO categories (id, code, name, description, documentation) VALUES (15,'O','Forage',NULL,NULL);
INSERT INTO categories (id, code, name, description, documentation) VALUES (16,'P','Post-harvest',NULL,NULL);
INSERT INTO categories (id, code, name, description, documentation) VALUES (17,'Q','Residues',NULL,NULL);
INSERT INTO categories (id, code, name, description, documentation) VALUES (18,'R','Trees',NULL,NULL);
INSERT INTO categories (id, code, name, description, documentation) VALUES (19,'S','Cover crops/green manures',NULL,NULL);


INSERT INTO production_systems (id, code, name, description, documentation, category_id) VALUES (1,'a1','Animals (general/other)','',NULL,1);
INSERT INTO production_systems (id, code, name, description, documentation, category_id) VALUES (2,'a2','Bees','',NULL,1);
INSERT INTO production_systems (id, code, name, description, documentation, category_id) VALUES (3,'a3','Beeswax','',NULL,1);
INSERT INTO production_systems (id, code, name, description, documentation, category_id) VALUES (4,'a4','Birds','',NULL,1);
INSERT INTO production_systems (id, code, name, description, documentation, category_id) VALUES (5,'a5','Buffalo','',NULL,1);
INSERT INTO production_systems (id, code, name, description, documentation, category_id) VALUES (6,'a6','Camel','',NULL,1);
INSERT INTO production_systems (id, code, name, description, documentation, category_id) VALUES (7,'a7','Chicken','',NULL,1);
INSERT INTO production_systems (id, code, name, description, documentation, category_id) VALUES (8,'a8','Cattle','',NULL,1);
INSERT INTO production_systems (id, code, name, description, documentation, category_id) VALUES (9,'a23','Crustaceans','',NULL,1);
INSERT INTO production_systems (id, code, name, description, documentation, category_id) VALUES (10,'a9','Duck','',NULL,1);
INSERT INTO production_systems (id, code, name, description, documentation, category_id) VALUES (11,'a26','Draught power','',NULL,1);
INSERT INTO production_systems (id, code, name, description, documentation, category_id) VALUES (12,'a10','Eggs, hen','',NULL,1);
INSERT INTO production_systems (id, code, name, description, documentation, category_id) VALUES (13,'a11','Eggs, other bird','',NULL,1);
INSERT INTO production_systems (id, code, name, description, documentation, category_id) VALUES (14,'a28','Feathers','',NULL,1);
INSERT INTO production_systems (id, code, name, description, documentation, category_id) VALUES (15,'a29','Fingerlings','',NULL,1);
INSERT INTO production_systems (id, code, name, description, documentation, category_id) VALUES (16,'a24','Fish','',NULL,1);
INSERT INTO production_systems (id, code, name, description, documentation, category_id) VALUES (17,'a12','Geese','',NULL,1);
INSERT INTO production_systems (id, code, name, description, documentation, category_id) VALUES (18,'a13','Goat','',NULL,1);
INSERT INTO production_systems (id, code, name, description, documentation, category_id) VALUES (19,'a30','Hatchlings','',NULL,1);
INSERT INTO production_systems (id, code, name, description, documentation, category_id) VALUES (20,'a31','Hides','',NULL,1);
INSERT INTO production_systems (id, code, name, description, documentation, category_id) VALUES (21,'a14','Horse','',NULL,1);
INSERT INTO production_systems (id, code, name, description, documentation, category_id) VALUES (22,'a32','Meat','',NULL,1);
INSERT INTO production_systems (id, code, name, description, documentation, category_id) VALUES (23,'a33','Milk','',NULL,1);
INSERT INTO production_systems (id, code, name, description, documentation, category_id) VALUES (24,'a25','Mollusc','',NULL,1);
INSERT INTO production_systems (id, code, name, description, documentation, category_id) VALUES (25,'a15','Mule','',NULL,1);
INSERT INTO production_systems (id, code, name, description, documentation, category_id) VALUES (26,'a16','Pig','',NULL,1);
INSERT INTO production_systems (id, code, name, description, documentation, category_id) VALUES (27,'a17','Pigeons, other birds','',NULL,1);
INSERT INTO production_systems (id, code, name, description, documentation, category_id) VALUES (28,'a18','Rabbit','',NULL,1);
INSERT INTO production_systems (id, code, name, description, documentation, category_id) VALUES (29,'a19','Rodents','',NULL,1);
INSERT INTO production_systems (id, code, name, description, documentation, category_id) VALUES (30,'a34','Semen','',NULL,1);
INSERT INTO production_systems (id, code, name, description, documentation, category_id) VALUES (31,'a20','Sheep','',NULL,1);
INSERT INTO production_systems (id, code, name, description, documentation, category_id) VALUES (32,'a35','Skins','',NULL,1);
INSERT INTO production_systems (id, code, name, description, documentation, category_id) VALUES (33,'a21','Snails','',NULL,1);
INSERT INTO production_systems (id, code, name, description, documentation, category_id) VALUES (34,'a22','Turkey','',NULL,1);
INSERT INTO production_systems (id, code, name, description, documentation, category_id) VALUES (35,'a36','Wool','',NULL,1);
INSERT INTO production_systems (id, code, name, description, documentation, category_id) VALUES (36,'b1','Berries (general/other)','',NULL,2);
INSERT INTO production_systems (id, code, name, description, documentation, category_id) VALUES (37,'b2','Blueberries','',NULL,2);
INSERT INTO production_systems (id, code, name, description, documentation, category_id) VALUES (38,'b3','Cherries','',NULL,2);
INSERT INTO production_systems (id, code, name, description, documentation, category_id) VALUES (39,'b4','Cranberries','',NULL,2);
INSERT INTO production_systems (id, code, name, description, documentation, category_id) VALUES (40,'b5','Currants','',NULL,2);
INSERT INTO production_systems (id, code, name, description, documentation, category_id) VALUES (41,'b6','Gooseberries','',NULL,2);
INSERT INTO production_systems (id, code, name, description, documentation, category_id) VALUES (42,'b7','Raspberries','',NULL,2);
INSERT INTO production_systems (id, code, name, description, documentation, category_id) VALUES (43,'b8','Strawberries','',NULL,2);
INSERT INTO production_systems (id, code, name, description, documentation, category_id) VALUES (44,'c1','Cereals (general/other)','',NULL,3);
INSERT INTO production_systems (id, code, name, description, documentation, category_id) VALUES (45,'c2','Amaranth','',NULL,3);
INSERT INTO production_systems (id, code, name, description, documentation, category_id) VALUES (46,'c3','Barley','',NULL,3);
INSERT INTO production_systems (id, code, name, description, documentation, category_id) VALUES (47,'c4','Buckwheat','',NULL,3);
INSERT INTO production_systems (id, code, name, description, documentation, category_id) VALUES (48,'c5','Canary seed Carobs','',NULL,3);
INSERT INTO production_systems (id, code, name, description, documentation, category_id) VALUES (49,'c6','Fonio','',NULL,3);
INSERT INTO production_systems (id, code, name, description, documentation, category_id) VALUES (50,'c7','Maize','',NULL,3);
INSERT INTO production_systems (id, code, name, description, documentation, category_id) VALUES (51,'c8','Millet','',NULL,3);
INSERT INTO production_systems (id, code, name, description, documentation, category_id) VALUES (52,'c9','Oats','',NULL,3);
INSERT INTO production_systems (id, code, name, description, documentation, category_id) VALUES (53,'c10','Quinoa','',NULL,3);
INSERT INTO production_systems (id, code, name, description, documentation, category_id) VALUES (54,'c11','Rice','',NULL,3);
INSERT INTO production_systems (id, code, name, description, documentation, category_id) VALUES (55,'c12','Rye','',NULL,3);
INSERT INTO production_systems (id, code, name, description, documentation, category_id) VALUES (56,'c13','Sorghum','',NULL,3);
INSERT INTO production_systems (id, code, name, description, documentation, category_id) VALUES (57,'c14','Wheat','',NULL,3);
INSERT INTO production_systems (id, code, name, description, documentation, category_id) VALUES (58,'c15','Tef','',NULL,3);
INSERT INTO production_systems (id, code, name, description, documentation, category_id) VALUES (59,'c16','Finger millet','',NULL,3);
INSERT INTO production_systems (id, code, name, description, documentation, category_id) VALUES (60,'c17','Pearl millet','',NULL,3);
INSERT INTO production_systems (id, code, name, description, documentation, category_id) VALUES (61,'d1','Fibre crops (general/other)','',NULL,4);
INSERT INTO production_systems (id, code, name, description, documentation, category_id) VALUES (62,'d2','Agave fibres','',NULL,4);
INSERT INTO production_systems (id, code, name, description, documentation, category_id) VALUES (63,'d3','Bastfibres, other','',NULL,4);
INSERT INTO production_systems (id, code, name, description, documentation, category_id) VALUES (64,'d4','Coir','',NULL,4);
INSERT INTO production_systems (id, code, name, description, documentation, category_id) VALUES (65,'d5','Cotton','',NULL,4);
INSERT INTO production_systems (id, code, name, description, documentation, category_id) VALUES (66,'d6','Flax fibre and tow','',NULL,4);
INSERT INTO production_systems (id, code, name, description, documentation, category_id) VALUES (67,'d7','Hemp','',NULL,4);
INSERT INTO production_systems (id, code, name, description, documentation, category_id) VALUES (68,'d8','Jute','',NULL,4);
INSERT INTO production_systems (id, code, name, description, documentation, category_id) VALUES (69,'d9','Kapok','',NULL,4);
INSERT INTO production_systems (id, code, name, description, documentation, category_id) VALUES (70,'d10','Manila fibre (abaca)','',NULL,4);
INSERT INTO production_systems (id, code, name, description, documentation, category_id) VALUES (71,'d11','Ramie','',NULL,4);
INSERT INTO production_systems (id, code, name, description, documentation, category_id) VALUES (72,'d12','Seed cotton','',NULL,4);
INSERT INTO production_systems (id, code, name, description, documentation, category_id) VALUES (73,'d13','Silk-worm cocoons','',NULL,4);
INSERT INTO production_systems (id, code, name, description, documentation, category_id) VALUES (74,'d14','Sisal','',NULL,4);
INSERT INTO production_systems (id, code, name, description, documentation, category_id) VALUES (75,'d15','Roselle (Hibiscus)','',NULL,4);
INSERT INTO production_systems (id, code, name, description, documentation, category_id) VALUES (76,'e1','Apples','',NULL,5);
INSERT INTO production_systems (id, code, name, description, documentation, category_id) VALUES (77,'e2','Apricots','',NULL,5);
INSERT INTO production_systems (id, code, name, description, documentation, category_id) VALUES (78,'e3','Avocados','',NULL,5);
INSERT INTO production_systems (id, code, name, description, documentation, category_id) VALUES (79,'e4','Bananas','',NULL,5);
INSERT INTO production_systems (id, code, name, description, documentation, category_id) VALUES (80,'e5','Cashew apple','',NULL,5);
INSERT INTO production_systems (id, code, name, description, documentation, category_id) VALUES (81,'e6','Figs','',NULL,5);
INSERT INTO production_systems (id, code, name, description, documentation, category_id) VALUES (82,'e7','Fruit, citrus (general/other)','',NULL,5);
INSERT INTO production_systems (id, code, name, description, documentation, category_id) VALUES (83,'e8','Fruit (general/other)','',NULL,5);
INSERT INTO production_systems (id, code, name, description, documentation, category_id) VALUES (84,'e9','Fruit, pome (general/other)','',NULL,5);
INSERT INTO production_systems (id, code, name, description, documentation, category_id) VALUES (85,'e10','Grapefruit (inc. pomelos)','',NULL,5);
INSERT INTO production_systems (id, code, name, description, documentation, category_id) VALUES (86,'e11','Grapes','',NULL,5);
INSERT INTO production_systems (id, code, name, description, documentation, category_id) VALUES (87,'e12','Kiwi fruit','',NULL,5);
INSERT INTO production_systems (id, code, name, description, documentation, category_id) VALUES (88,'e13','Lemons and limes','',NULL,5);
INSERT INTO production_systems (id, code, name, description, documentation, category_id) VALUES (89,'e14','Mangoes, mangosteens, guavas','',NULL,5);
INSERT INTO production_systems (id, code, name, description, documentation, category_id) VALUES (90,'e15','Melons, other (inc.cantaloupes)','',NULL,5);
INSERT INTO production_systems (id, code, name, description, documentation, category_id) VALUES (91,'e16','Nectarines','',NULL,5);
INSERT INTO production_systems (id, code, name, description, documentation, category_id) VALUES (92,'e17','Oranges','',NULL,5);
INSERT INTO production_systems (id, code, name, description, documentation, category_id) VALUES (93,'e18','Papayas','',NULL,5);
INSERT INTO production_systems (id, code, name, description, documentation, category_id) VALUES (94,'e19','Peach','',NULL,5);
INSERT INTO production_systems (id, code, name, description, documentation, category_id) VALUES (95,'e20','Pears','',NULL,5);
INSERT INTO production_systems (id, code, name, description, documentation, category_id) VALUES (96,'e21','Persimmons','',NULL,5);
INSERT INTO production_systems (id, code, name, description, documentation, category_id) VALUES (97,'e22','Pineapples','',NULL,5);
INSERT INTO production_systems (id, code, name, description, documentation, category_id) VALUES (98,'e23','Plantains','',NULL,5);
INSERT INTO production_systems (id, code, name, description, documentation, category_id) VALUES (99,'e24','Plums and sloes','',NULL,5);
INSERT INTO production_systems (id, code, name, description, documentation, category_id) VALUES (100,'e25','Quinces','',NULL,5);
INSERT INTO production_systems (id, code, name, description, documentation, category_id) VALUES (101,'e26','Tangerines, mandarins, clementines, satsumas','',NULL,5);
INSERT INTO production_systems (id, code, name, description, documentation, category_id) VALUES (102,'e27','Tomatoes','',NULL,5);
INSERT INTO production_systems (id, code, name, description, documentation, category_id) VALUES (103,'e28','Watermelons','',NULL,5);
INSERT INTO production_systems (id, code, name, description, documentation, category_id) VALUES (104,'e29','Yellow Passion fruit','',NULL,5);
INSERT INTO production_systems (id, code, name, description, documentation, category_id) VALUES (105,'e30','Fruit trees (general)','',NULL,5);
INSERT INTO production_systems (id, code, name, description, documentation, category_id) VALUES (106,'e31','Musklmelon','',NULL,5);
INSERT INTO production_systems (id, code, name, description, documentation, category_id) VALUES (107,'e32','Pomegranate','',NULL,5);
INSERT INTO production_systems (id, code, name, description, documentation, category_id) VALUES (108,'e33','Sapota','',NULL,5);
INSERT INTO production_systems (id, code, name, description, documentation, category_id) VALUES (109,'e34','Peach-palm','',NULL,5);
INSERT INTO production_systems (id, code, name, description, documentation, category_id) VALUES (110,'e35','Ber/Chinee Apple/Jujube/Indian plum/Masau','',NULL,5);
INSERT INTO production_systems (id, code, name, description, documentation, category_id) VALUES (111,'e37','Cherry tree','',NULL,5);
INSERT INTO production_systems (id, code, name, description, documentation, category_id) VALUES (112,'f1','Nuts, seeds (general/other)','',NULL,6);
INSERT INTO production_systems (id, code, name, description, documentation, category_id) VALUES (113,'f2','Almonds','',NULL,6);
INSERT INTO production_systems (id, code, name, description, documentation, category_id) VALUES (114,'f3','Areca nuts','',NULL,6);
INSERT INTO production_systems (id, code, name, description, documentation, category_id) VALUES (115,'f4','Brazil nuts','',NULL,6);
INSERT INTO production_systems (id, code, name, description, documentation, category_id) VALUES (116,'f5','Cashew nuts','',NULL,6);
INSERT INTO production_systems (id, code, name, description, documentation, category_id) VALUES (117,'f6','Chestnut','',NULL,6);
INSERT INTO production_systems (id, code, name, description, documentation, category_id) VALUES (118,'f7','Hazelnuts','',NULL,6);
INSERT INTO production_systems (id, code, name, description, documentation, category_id) VALUES (119,'f8','Karite nuts (sheanuts)','',NULL,6);
INSERT INTO production_systems (id, code, name, description, documentation, category_id) VALUES (120,'f9','Kola nuts','',NULL,6);
INSERT INTO production_systems (id, code, name, description, documentation, category_id) VALUES (121,'f10','Linseed','',NULL,6);
INSERT INTO production_systems (id, code, name, description, documentation, category_id) VALUES (122,'f11','Melonseed','',NULL,6);
INSERT INTO production_systems (id, code, name, description, documentation, category_id) VALUES (123,'f12','Mustard seed','',NULL,6);
INSERT INTO production_systems (id, code, name, description, documentation, category_id) VALUES (124,'f13','Pistachios','',NULL,6);
INSERT INTO production_systems (id, code, name, description, documentation, category_id) VALUES (125,'f14','Pyrethrum','',NULL,6);
INSERT INTO production_systems (id, code, name, description, documentation, category_id) VALUES (126,'f15','Safflower seed','',NULL,6);
INSERT INTO production_systems (id, code, name, description, documentation, category_id) VALUES (127,'f16','Sesame seed','',NULL,6);
INSERT INTO production_systems (id, code, name, description, documentation, category_id) VALUES (128,'f17','Triticale Tung nuts','',NULL,6);
INSERT INTO production_systems (id, code, name, description, documentation, category_id) VALUES (129,'f18','Walnuts','',NULL,6);
INSERT INTO production_systems (id, code, name, description, documentation, category_id) VALUES (130,'f19','Seeds (general/other)','',NULL,6);
INSERT INTO production_systems (id, code, name, description, documentation, category_id) VALUES (131,'f20','Peanut','',NULL,6);
INSERT INTO production_systems (id, code, name, description, documentation, category_id) VALUES (132,'g1','Oilseeds (general/other)','',NULL,7);
INSERT INTO production_systems (id, code, name, description, documentation, category_id) VALUES (133,'g2','Castor oil seed','',NULL,7);
INSERT INTO production_systems (id, code, name, description, documentation, category_id) VALUES (134,'g3','Jojoba seed','',NULL,7);
INSERT INTO production_systems (id, code, name, description, documentation, category_id) VALUES (135,'g4','Oil, palm','',NULL,7);
INSERT INTO production_systems (id, code, name, description, documentation, category_id) VALUES (136,'g5','Oil, palm fruit','',NULL,7);
INSERT INTO production_systems (id, code, name, description, documentation, category_id) VALUES (137,'g6','Olives','',NULL,7);
INSERT INTO production_systems (id, code, name, description, documentation, category_id) VALUES (138,'g7','Palm kernels','',NULL,7);
INSERT INTO production_systems (id, code, name, description, documentation, category_id) VALUES (139,'g8','Rapeseed','',NULL,7);
INSERT INTO production_systems (id, code, name, description, documentation, category_id) VALUES (140,'g9','Sunflower seed','',NULL,7);
INSERT INTO production_systems (id, code, name, description, documentation, category_id) VALUES (141,'g10','Tallow tree seed','',NULL,7);
INSERT INTO production_systems (id, code, name, description, documentation, category_id) VALUES (142,'g11','Jatropha','',NULL,7);
INSERT INTO production_systems (id, code, name, description, documentation, category_id) VALUES (143,'g12','Niger','',NULL,7);
INSERT INTO production_systems (id, code, name, description, documentation, category_id) VALUES (144,'h1','Pulses (general/other)','',NULL,8);
INSERT INTO production_systems (id, code, name, description, documentation, category_id) VALUES (145,'h2','Beans (general/other)','',NULL,8);
INSERT INTO production_systems (id, code, name, description, documentation, category_id) VALUES (146,'h3','Mung beans/green grams','',NULL,8);
INSERT INTO production_systems (id, code, name, description, documentation, category_id) VALUES (147,'h4','Peas (general/other)','',NULL,8);
INSERT INTO production_systems (id, code, name, description, documentation, category_id) VALUES (148,'h5','Bambara beans','',NULL,8);
INSERT INTO production_systems (id, code, name, description, documentation, category_id) VALUES (149,'h6','Broad beans, horse beans','',NULL,8);
INSERT INTO production_systems (id, code, name, description, documentation, category_id) VALUES (150,'h7','Chick peas','',NULL,8);
INSERT INTO production_systems (id, code, name, description, documentation, category_id) VALUES (151,'h8','Cow peas, cowpea','',NULL,8);
INSERT INTO production_systems (id, code, name, description, documentation, category_id) VALUES (152,'h9','Groundnuts/Peanut','',NULL,8);
INSERT INTO production_systems (id, code, name, description, documentation, category_id) VALUES (153,'h10','Lentils','',NULL,8);
INSERT INTO production_systems (id, code, name, description, documentation, category_id) VALUES (154,'h11','Lupins','',NULL,8);
INSERT INTO production_systems (id, code, name, description, documentation, category_id) VALUES (155,'h12','Pigeon peas','',NULL,8);
INSERT INTO production_systems (id, code, name, description, documentation, category_id) VALUES (156,'h13','Soybeans','',NULL,8);
INSERT INTO production_systems (id, code, name, description, documentation, category_id) VALUES (157,'h14','String bean/french bean/green bean/common bean/haricot field bean','',NULL,8);
INSERT INTO production_systems (id, code, name, description, documentation, category_id) VALUES (158,'h15','Vetches','',NULL,8);
INSERT INTO production_systems (id, code, name, description, documentation, category_id) VALUES (159,'h16','Cluster bean','',NULL,8);
INSERT INTO production_systems (id, code, name, description, documentation, category_id) VALUES (160,'h17','Long bean/pea bean/snake bean','',NULL,8);
INSERT INTO production_systems (id, code, name, description, documentation, category_id) VALUES (161,'h18','Rice bean','',NULL,8);
INSERT INTO production_systems (id, code, name, description, documentation, category_id) VALUES (162,'h19','Horsegram','',NULL,8);
INSERT INTO production_systems (id, code, name, description, documentation, category_id) VALUES (163,'h20','faba beans','',NULL,8);
INSERT INTO production_systems (id, code, name, description, documentation, category_id) VALUES (164,'h21','black gram','',NULL,8);
INSERT INTO production_systems (id, code, name, description, documentation, category_id) VALUES (165,'i2','Carrots and turnips','',NULL,9);
INSERT INTO production_systems (id, code, name, description, documentation, category_id) VALUES (166,'i3','Cassava','',NULL,9);
INSERT INTO production_systems (id, code, name, description, documentation, category_id) VALUES (167,'i4','Chicory roots','',NULL,9);
INSERT INTO production_systems (id, code, name, description, documentation, category_id) VALUES (168,'i5','Garlic','',NULL,9);
INSERT INTO production_systems (id, code, name, description, documentation, category_id) VALUES (169,'i6','Ginger','',NULL,9);
INSERT INTO production_systems (id, code, name, description, documentation, category_id) VALUES (170,'i7','Potatoes','',NULL,9);
INSERT INTO production_systems (id, code, name, description, documentation, category_id) VALUES (171,'i8','Sugar beet','',NULL,9);
INSERT INTO production_systems (id, code, name, description, documentation, category_id) VALUES (172,'i9','Sweet potatoes','',NULL,9);
INSERT INTO production_systems (id, code, name, description, documentation, category_id) VALUES (173,'i10','Taro/Yautia (cocoyam)','',NULL,9);
INSERT INTO production_systems (id, code, name, description, documentation, category_id) VALUES (174,'i11','Yams','',NULL,9);
INSERT INTO production_systems (id, code, name, description, documentation, category_id) VALUES (175,'i12','Yautia (cocoyam)','',NULL,9);
INSERT INTO production_systems (id, code, name, description, documentation, category_id) VALUES (176,'i13','Turmeric','',NULL,9);
INSERT INTO production_systems (id, code, name, description, documentation, category_id) VALUES (177,'i14','Colocasia','',NULL,9);
INSERT INTO production_systems (id, code, name, description, documentation, category_id) VALUES (178,'j1','Spices (general/other)','',NULL,10);
INSERT INTO production_systems (id, code, name, description, documentation, category_id) VALUES (179,'j2','Anise, badian, fennel, coriander','',NULL,10);
INSERT INTO production_systems (id, code, name, description, documentation, category_id) VALUES (180,'j3','Cardamoms','',NULL,10);
INSERT INTO production_systems (id, code, name, description, documentation, category_id) VALUES (181,'j4','Chillies and peppers','',NULL,10);
INSERT INTO production_systems (id, code, name, description, documentation, category_id) VALUES (182,'j5','Cinnamon (canella)','',NULL,10);
INSERT INTO production_systems (id, code, name, description, documentation, category_id) VALUES (183,'j6','Cloves','',NULL,10);
INSERT INTO production_systems (id, code, name, description, documentation, category_id) VALUES (184,'j7','Nutmeg, mace','',NULL,10);
INSERT INTO production_systems (id, code, name, description, documentation, category_id) VALUES (185,'j8','Pepper (piper spp.)','',NULL,10);
INSERT INTO production_systems (id, code, name, description, documentation, category_id) VALUES (186,'j9','Peppermint','',NULL,10);
INSERT INTO production_systems (id, code, name, description, documentation, category_id) VALUES (187,'j10','Vanilla','',NULL,10);
INSERT INTO production_systems (id, code, name, description, documentation, category_id) VALUES (188,'j11','Cumin','',NULL,10);
INSERT INTO production_systems (id, code, name, description, documentation, category_id) VALUES (189,'k1','Vegetables (general/other)','',NULL,11);
INSERT INTO production_systems (id, code, name, description, documentation, category_id) VALUES (190,'k2','Vegetables, leguminous (general/other)','',NULL,11);
INSERT INTO production_systems (id, code, name, description, documentation, category_id) VALUES (191,'k3','Vegetables, leafy (general/other)','',NULL,11);
INSERT INTO production_systems (id, code, name, description, documentation, category_id) VALUES (192,'k4','Artichokes','',NULL,11);
INSERT INTO production_systems (id, code, name, description, documentation, category_id) VALUES (193,'k5','Asparagus','',NULL,11);
INSERT INTO production_systems (id, code, name, description, documentation, category_id) VALUES (194,'k6','Cabbages and other brassicas','',NULL,11);
INSERT INTO production_systems (id, code, name, description, documentation, category_id) VALUES (195,'k7','Cauliflower and broccoli','',NULL,11);
INSERT INTO production_systems (id, code, name, description, documentation, category_id) VALUES (196,'k8','Cucumbers and gherkins','',NULL,11);
INSERT INTO production_systems (id, code, name, description, documentation, category_id) VALUES (197,'k9','Leeks, other alliaceous vegetables','',NULL,11);
INSERT INTO production_systems (id, code, name, description, documentation, category_id) VALUES (198,'k10','Lettuce and chicory','',NULL,11);
INSERT INTO production_systems (id, code, name, description, documentation, category_id) VALUES (199,'k11','Okra','',NULL,11);
INSERT INTO production_systems (id, code, name, description, documentation, category_id) VALUES (200,'k12','Onions','',NULL,11);
INSERT INTO production_systems (id, code, name, description, documentation, category_id) VALUES (201,'k13','Onions, shallots, green','',NULL,11);
INSERT INTO production_systems (id, code, name, description, documentation, category_id) VALUES (202,'k14','Pumpkins, squash, zucchini and gourds','',NULL,11);
INSERT INTO production_systems (id, code, name, description, documentation, category_id) VALUES (203,'k15','Spinach','',NULL,11);
INSERT INTO production_systems (id, code, name, description, documentation, category_id) VALUES (204,'k16','Eggplant (aubergine, brinjal)','',NULL,11);
INSERT INTO production_systems (id, code, name, description, documentation, category_id) VALUES (205,'k17','Celery','',NULL,11);
INSERT INTO production_systems (id, code, name, description, documentation, category_id) VALUES (206,'k18','Capsicum (bell pepper)','',NULL,11);
INSERT INTO production_systems (id, code, name, description, documentation, category_id) VALUES (207,'l1','Plant products (general/other)','',NULL,12);
INSERT INTO production_systems (id, code, name, description, documentation, category_id) VALUES (208,'l2','Cocoa/cacao','',NULL,12);
INSERT INTO production_systems (id, code, name, description, documentation, category_id) VALUES (209,'l3','Coconuts','',NULL,12);
INSERT INTO production_systems (id, code, name, description, documentation, category_id) VALUES (210,'l4','Coffee','',NULL,12);
INSERT INTO production_systems (id, code, name, description, documentation, category_id) VALUES (211,'l5','Gums, rubber','',NULL,12);
INSERT INTO production_systems (id, code, name, description, documentation, category_id) VALUES (212,'l6','Hops','',NULL,12);
INSERT INTO production_systems (id, code, name, description, documentation, category_id) VALUES (213,'l7','Mat?(yerbas)','',NULL,12);
INSERT INTO production_systems (id, code, name, description, documentation, category_id) VALUES (214,'l8','Mushrooms and truffles','',NULL,12);
INSERT INTO production_systems (id, code, name, description, documentation, category_id) VALUES (215,'l9','Sugar cane','',NULL,12);
INSERT INTO production_systems (id, code, name, description, documentation, category_id) VALUES (216,'l10','Sugar crops, (general/other)','',NULL,12);
INSERT INTO production_systems (id, code, name, description, documentation, category_id) VALUES (217,'l11','Tea','',NULL,12);
INSERT INTO production_systems (id, code, name, description, documentation, category_id) VALUES (218,'l12','Tobacco, unmanufactured','',NULL,12);
INSERT INTO production_systems (id, code, name, description, documentation, category_id) VALUES (219,'I13','Turmeric','',NULL,12);
INSERT INTO production_systems (id, code, name, description, documentation, category_id) VALUES (220,'l14','Cupuacu (related to cacao)','',NULL,12);
INSERT INTO production_systems (id, code, name, description, documentation, category_id) VALUES (221,'l15','Roselle','',NULL,12);
INSERT INTO production_systems (id, code, name, description, documentation, category_id) VALUES (222,'l16','Grasses','',NULL,12);
INSERT INTO production_systems (id, code, name, description, documentation, category_id) VALUES (223,'l17','Basil','',NULL,12);
INSERT INTO production_systems (id, code, name, description, documentation, category_id) VALUES (224,'m1','Cookstove','',NULL,13);
INSERT INTO production_systems (id, code, name, description, documentation, category_id) VALUES (225,'m2','Biodigestor','',NULL,13);
INSERT INTO production_systems (id, code, name, description, documentation, category_id) VALUES (226,'m3','Biomass feedstock','',NULL,13);
INSERT INTO production_systems (id, code, name, description, documentation, category_id) VALUES (227,'m4','Biodigestor byproducts and cobenefits','Biodigestor byproducts like Slurry for fertilizer, etc. And related cobenefits for health, etc.',NULL,13);
INSERT INTO production_systems (id, code, name, description, documentation, category_id) VALUES (228,'m5','Biogas','',NULL,13);
INSERT INTO production_systems (id, code, name, description, documentation, category_id) VALUES (229,'m6','Conventional energy (coal for cooking)','',NULL,13);
INSERT INTO production_systems (id, code, name, description, documentation, category_id) VALUES (230,'m7','Conventional energy (coal for heating)','',NULL,13);
INSERT INTO production_systems (id, code, name, description, documentation, category_id) VALUES (231,'m8','Conventional cooking + heating energy (various or unspecified)','',NULL,13);
INSERT INTO production_systems (id, code, name, description, documentation, category_id) VALUES (232,'n1','Other','',NULL,14);
INSERT INTO production_systems (id, code, name, description, documentation, category_id) VALUES (233,'n2','Agroforestry system','',NULL,14);
INSERT INTO production_systems (id, code, name, description, documentation, category_id) VALUES (234,'n3','Harbacious legume','',NULL,14);
INSERT INTO production_systems (id, code, name, description, documentation, category_id) VALUES (235,'n4','Flowering plants (i.e tithonia)','',NULL,14);
INSERT INTO production_systems (id, code, name, description, documentation, category_id) VALUES (236,'n5','Fungal diversity','',NULL,14);
INSERT INTO production_systems (id, code, name, description, documentation, category_id) VALUES (237,'n6','Bacterial diversity','',NULL,14);
INSERT INTO production_systems (id, code, name, description, documentation, category_id) VALUES (238,'n7','Crotaliaria','',NULL,14);
INSERT INTO production_systems (id, code, name, description, documentation, category_id) VALUES (239,'n8','Aloe','',NULL,14);
INSERT INTO production_systems (id, code, name, description, documentation, category_id) VALUES (240,'t1','Water harvesting structure','',NULL,14);
INSERT INTO production_systems (id, code, name, description, documentation, category_id) VALUES (241,'t2','Irrigation technique/technology','',NULL,14);
INSERT INTO production_systems (id, code, name, description, documentation, category_id) VALUES (242,'u1','No relevant crop just soil experiment','',NULL,14);
INSERT INTO production_systems (id, code, name, description, documentation, category_id) VALUES (243,'o1','Forage grass','',NULL,15);
INSERT INTO production_systems (id, code, name, description, documentation, category_id) VALUES (244,'o2','Forage legume','',NULL,15);
INSERT INTO production_systems (id, code, name, description, documentation, category_id) VALUES (245,'o3','Lucerne','',NULL,15);
INSERT INTO production_systems (id, code, name, description, documentation, category_id) VALUES (246,'o4','Medicago (medic)','',NULL,15);
INSERT INTO production_systems (id, code, name, description, documentation, category_id) VALUES (247,'o5','Brachiaria','',NULL,15);
INSERT INTO production_systems (id, code, name, description, documentation, category_id) VALUES (248,'p1','Storage','',NULL,16);
INSERT INTO production_systems (id, code, name, description, documentation, category_id) VALUES (249,'p2','Crib','',NULL,16);
INSERT INTO production_systems (id, code, name, description, documentation, category_id) VALUES (250,'p3','Sack','',NULL,16);
INSERT INTO production_systems (id, code, name, description, documentation, category_id) VALUES (251,'p4','Mud silos','',NULL,16);
INSERT INTO production_systems (id, code, name, description, documentation, category_id) VALUES (252,'p5','Polyethylene bag','',NULL,16);
INSERT INTO production_systems (id, code, name, description, documentation, category_id) VALUES (253,'p6','Ava','Traditional, cylindrical structure with walls made of woven vegetable material in Benin',NULL,16);
INSERT INTO production_systems (id, code, name, description, documentation, category_id) VALUES (254,'p7','Improved granary','',NULL,16);
INSERT INTO production_systems (id, code, name, description, documentation, category_id) VALUES (255,'p8','Traditional granary','',NULL,16);
INSERT INTO production_systems (id, code, name, description, documentation, category_id) VALUES (256,'q1','Maize straw/stover','',NULL,17);
INSERT INTO production_systems (id, code, name, description, documentation, category_id) VALUES (257,'q2','Rice residues','',NULL,17);
INSERT INTO production_systems (id, code, name, description, documentation, category_id) VALUES (258,'q3','Groundnut residues','',NULL,17);
INSERT INTO production_systems (id, code, name, description, documentation, category_id) VALUES (259,'q4','Sorgum residues','',NULL,17);
INSERT INTO production_systems (id, code, name, description, documentation, category_id) VALUES (260,'q5','soybean residues','',NULL,17);
INSERT INTO production_systems (id, code, name, description, documentation, category_id) VALUES (261,'r1','N-fixing','',NULL,18);
INSERT INTO production_systems (id, code, name, description, documentation, category_id) VALUES (262,'r2','Non N-fixing','',NULL,18);
INSERT INTO production_systems (id, code, name, description, documentation, category_id) VALUES (263,'s1','Sunhemp','',NULL,19);
INSERT INTO production_systems (id, code, name, description, documentation, category_id) VALUES (264,'s2','Sesbanias','',NULL,19);

INSERT INTO context_variables (id, code, name, description, documentation, scope) VALUES (1,'TA','Type of Article','Description of source that contains the data',NULL,'EXPERIMENT');
INSERT INTO context_variables (id, code, name, description, documentation, scope) VALUES (2,'TS','Type of Study','Description of the nature of the conducted study or experiment',NULL,'EXPERIMENT');

INSERT INTO context_values (id, code, name, description, documentation, context_variable_id) VALUES (1,'1','Peer Reviewed Article','An article published on a peer-reviewd publication',NULL,1);
INSERT INTO context_values (id, code, name, description, documentation, context_variable_id) VALUES (2,'2','Report','A publicly available report on project results',NULL,1);
INSERT INTO context_values (id, code, name, description, documentation, context_variable_id) VALUES (3,'3','Thesis/Dissertation','Documents from Doctoral/Master/Undergraduate Thesis',NULL,1);
INSERT INTO context_values (id, code, name, description, documentation, context_variable_id) VALUES (4,'4','Unpublished Data','Data collected on internal unpublished document',NULL,1);
INSERT INTO context_values (id, code, name, description, documentation, context_variable_id) VALUES (5,'5','Working Paper','An internal unpublished document from a project',NULL,1);
INSERT INTO context_values (id, code, name, description, documentation, context_variable_id) VALUES (6,'6','Book Chapter','Chapter of apublished book',NULL,1);
INSERT INTO context_values (id, code, name, description, documentation, context_variable_id) VALUES (7,'1','Peer Reviewed Article','An article published on a peer-reviewd publication',NULL,2);
INSERT INTO context_values (id, code, name, description, documentation, context_variable_id) VALUES (8,'2','Report','A publicly available report on project results',NULL,2);
INSERT INTO context_values (id, code, name, description, documentation, context_variable_id) VALUES (9,'3','Thesis/Dissertation','Documents from Doctoral/Master/Undergraduate Thesis',NULL,2);
INSERT INTO context_values (id, code, name, description, documentation, context_variable_id) VALUES (10,'4','Unpublished Data','Data collected on internal unpublished document',NULL,2);
INSERT INTO context_values (id, code, name, description, documentation, context_variable_id) VALUES (11,'5','Working Paper','An internal unpublished document from a project',NULL,2);
INSERT INTO context_values (id, code, name, description, documentation, context_variable_id) VALUES (12,'6','Book Chapter','Chapter of apublished book',NULL,2);
INSERT INTO context_values (id, code, name, description, documentation, context_variable_id) VALUES (13,'7','Combination 1-6','A combination of previews items',NULL,2);
INSERT INTO context_values (id, code, name, description, documentation, context_variable_id) VALUES (14,'8','Interview','Interviews and semistructured questionnaires',NULL,2);
INSERT INTO context_values (id, code, name, description, documentation, context_variable_id) VALUES (15,'9','PRAs','Focus Groups, Community Activties',NULL,2);

