-- Initial data for the compendium

INSERT INTO languages (code, english_name, original_name) VALUES ('1','English','English');
INSERT INTO languages (code, english_name, original_name) VALUES ('2','Spanish','Español');
INSERT INTO languages (code, english_name, original_name) VALUES ('3','French','Françoise');
INSERT INTO languages (code, english_name, original_name) VALUES ('4','Portuguese','Português');
INSERT INTO languages (code, english_name, original_name) VALUES ('5','Chinese','中国');

INSERT INTO regions (code, name) VALUES ('AFR','Sub-Saharan Africa');
INSERT INTO regions (code, name) VALUES ('EAP','East Asia and Pacific');
INSERT INTO regions (code, name) VALUES ('ECA','Eastern Europe and Central Asia (West, Central)');
INSERT INTO regions (code, name) VALUES ('LAC','Latin America and Caribbean');
INSERT INTO regions (code, name) VALUES ('MNA','Middle East and North Africa');
INSERT INTO regions (code, name) VALUES ('SAS','South Asia');

INSERT INTO countries (code, name, region_code) VALUES ('1','Angola','AFR');
INSERT INTO countries (code, name, region_code) VALUES ('10','Congo','AFR');
INSERT INTO countries (code, name, region_code) VALUES ('100','Pakistan','SAS');
INSERT INTO countries (code, name, region_code) VALUES ('101','Sri Lanka','SAS');
INSERT INTO countries (code, name, region_code) VALUES ('102','Brunei','EAP');
INSERT INTO countries (code, name, region_code) VALUES ('103','Cambodia','EAP');
INSERT INTO countries (code, name, region_code) VALUES ('104','China','EAP');
INSERT INTO countries (code, name, region_code) VALUES ('105','Federated States of Micronesia','EAP');
INSERT INTO countries (code, name, region_code) VALUES ('106','Fiji','EAP');
INSERT INTO countries (code, name, region_code) VALUES ('107','Indonesia','EAP');
INSERT INTO countries (code, name, region_code) VALUES ('108','Laos','EAP');
INSERT INTO countries (code, name, region_code) VALUES ('109','Malaysia','EAP');
INSERT INTO countries (code, name, region_code) VALUES ('11','Djibouti','AFR');
INSERT INTO countries (code, name, region_code) VALUES ('110','Marshall Islands','EAP');
INSERT INTO countries (code, name, region_code) VALUES ('111','Mongolia','EAP');
INSERT INTO countries (code, name, region_code) VALUES ('112','Myanmar (Burma)','EAP');
INSERT INTO countries (code, name, region_code) VALUES ('113','New Caledonia','EAP');
INSERT INTO countries (code, name, region_code) VALUES ('114','North Korea','EAP');
INSERT INTO countries (code, name, region_code) VALUES ('115','Pacific Islands (Palau)','EAP');
INSERT INTO countries (code, name, region_code) VALUES ('116','Papua New Guinea','EAP');
INSERT INTO countries (code, name, region_code) VALUES ('117','Philippines','EAP');
INSERT INTO countries (code, name, region_code) VALUES ('118','Singapore','EAP');
INSERT INTO countries (code, name, region_code) VALUES ('119','Solomon Islands','EAP');
INSERT INTO countries (code, name, region_code) VALUES ('12','Equatorial Guinea','AFR');
INSERT INTO countries (code, name, region_code) VALUES ('120','South Korea','EAP');
INSERT INTO countries (code, name, region_code) VALUES ('121','Spratly Islands','EAP');
INSERT INTO countries (code, name, region_code) VALUES ('122','Taiwan','EAP');
INSERT INTO countries (code, name, region_code) VALUES ('123','Thailand','EAP');
INSERT INTO countries (code, name, region_code) VALUES ('124','Vanuatu','EAP');
INSERT INTO countries (code, name, region_code) VALUES ('125','Vietnam','EAP');
INSERT INTO countries (code, name, region_code) VALUES ('126','Anguilla','LAC');
INSERT INTO countries (code, name, region_code) VALUES ('127','Antigua and Barbuda','LAC');
INSERT INTO countries (code, name, region_code) VALUES ('128','Argentina','LAC');
INSERT INTO countries (code, name, region_code) VALUES ('129','Aruba','LAC');
INSERT INTO countries (code, name, region_code) VALUES ('13','Eritrea','AFR');
INSERT INTO countries (code, name, region_code) VALUES ('130','Barbados','LAC');
INSERT INTO countries (code, name, region_code) VALUES ('131','Belize','LAC');
INSERT INTO countries (code, name, region_code) VALUES ('132','Bolivia','LAC');
INSERT INTO countries (code, name, region_code) VALUES ('133','Brazil','LAC');
INSERT INTO countries (code, name, region_code) VALUES ('134','British Virgin Islands','LAC');
INSERT INTO countries (code, name, region_code) VALUES ('135','Chile','LAC');
INSERT INTO countries (code, name, region_code) VALUES ('136','Colombia','LAC');
INSERT INTO countries (code, name, region_code) VALUES ('137','Costa Rica','LAC');
INSERT INTO countries (code, name, region_code) VALUES ('138','Cuba','LAC');
INSERT INTO countries (code, name, region_code) VALUES ('139','Dominica','LAC');
INSERT INTO countries (code, name, region_code) VALUES ('14','Ethiopia','AFR');
INSERT INTO countries (code, name, region_code) VALUES ('140','Dominican Republic','LAC');
INSERT INTO countries (code, name, region_code) VALUES ('141','Ecuador','LAC');
INSERT INTO countries (code, name, region_code) VALUES ('142','El Salvador','LAC');
INSERT INTO countries (code, name, region_code) VALUES ('143','Falkland Islands (Islas Malvinas)','LAC');
INSERT INTO countries (code, name, region_code) VALUES ('144','French Guiana','LAC');
INSERT INTO countries (code, name, region_code) VALUES ('145','Grenada','LAC');
INSERT INTO countries (code, name, region_code) VALUES ('146','Guadeloupe','LAC');
INSERT INTO countries (code, name, region_code) VALUES ('147','Guatemala','LAC');
INSERT INTO countries (code, name, region_code) VALUES ('148','Guyana','LAC');
INSERT INTO countries (code, name, region_code) VALUES ('149','Haiti','LAC');
INSERT INTO countries (code, name, region_code) VALUES ('15','Gabon','AFR');
INSERT INTO countries (code, name, region_code) VALUES ('150','Honduras','LAC');
INSERT INTO countries (code, name, region_code) VALUES ('151','Jamaica','LAC');
INSERT INTO countries (code, name, region_code) VALUES ('152','Martinique','LAC');
INSERT INTO countries (code, name, region_code) VALUES ('153','Mexico','LAC');
INSERT INTO countries (code, name, region_code) VALUES ('154','Montserrat','LAC');
INSERT INTO countries (code, name, region_code) VALUES ('155','Netherlands Antilles','LAC');
INSERT INTO countries (code, name, region_code) VALUES ('156','Nicaragua','LAC');
INSERT INTO countries (code, name, region_code) VALUES ('157','Panama','LAC');
INSERT INTO countries (code, name, region_code) VALUES ('158','Paraguay','LAC');
INSERT INTO countries (code, name, region_code) VALUES ('159','Peru','LAC');
INSERT INTO countries (code, name, region_code) VALUES ('16','Gambia','AFR');
INSERT INTO countries (code, name, region_code) VALUES ('160','Puerto Rico','LAC');
INSERT INTO countries (code, name, region_code) VALUES ('161','St. Kitts and Nevis','LAC');
INSERT INTO countries (code, name, region_code) VALUES ('162','St. Lucia','LAC');
INSERT INTO countries (code, name, region_code) VALUES ('163','St. Vincent and the Grenadines','LAC');
INSERT INTO countries (code, name, region_code) VALUES ('164','Suriname','LAC');
INSERT INTO countries (code, name, region_code) VALUES ('165','Trinidad and Tobago','LAC');
INSERT INTO countries (code, name, region_code) VALUES ('166','Uruguay','LAC');
INSERT INTO countries (code, name, region_code) VALUES ('167','Venezuela','LAC');
INSERT INTO countries (code, name, region_code) VALUES ('168','Virgin Islands','LAC');
INSERT INTO countries (code, name, region_code) VALUES ('17','Ghana','AFR');
INSERT INTO countries (code, name, region_code) VALUES ('18','Glorioso Islands','AFR');
INSERT INTO countries (code, name, region_code) VALUES ('19','Guinea','AFR');
INSERT INTO countries (code, name, region_code) VALUES ('2','Benin','AFR');
INSERT INTO countries (code, name, region_code) VALUES ('20','Guinea-Bissau','AFR');
INSERT INTO countries (code, name, region_code) VALUES ('21','Ivory Coast','AFR');
INSERT INTO countries (code, name, region_code) VALUES ('22','Juan De Nova Island','AFR');
INSERT INTO countries (code, name, region_code) VALUES ('23','Kenya','AFR');
INSERT INTO countries (code, name, region_code) VALUES ('24','Lesotho','AFR');
INSERT INTO countries (code, name, region_code) VALUES ('25','Liberia','AFR');
INSERT INTO countries (code, name, region_code) VALUES ('26','Madagascar','AFR');
INSERT INTO countries (code, name, region_code) VALUES ('27','Malawi','AFR');
INSERT INTO countries (code, name, region_code) VALUES ('28','Mali','AFR');
INSERT INTO countries (code, name, region_code) VALUES ('29','Mauritania','AFR');
INSERT INTO countries (code, name, region_code) VALUES ('3','Botswana','AFR');
INSERT INTO countries (code, name, region_code) VALUES ('30','Mayotte','AFR');
INSERT INTO countries (code, name, region_code) VALUES ('31','Mozambique','AFR');
INSERT INTO countries (code, name, region_code) VALUES ('32','Namibia','AFR');
INSERT INTO countries (code, name, region_code) VALUES ('33','Niger','AFR');
INSERT INTO countries (code, name, region_code) VALUES ('34','Nigeria','AFR');
INSERT INTO countries (code, name, region_code) VALUES ('35','Rwanda','AFR');
INSERT INTO countries (code, name, region_code) VALUES ('36','Sao Tome and Principe','AFR');
INSERT INTO countries (code, name, region_code) VALUES ('37','Senegal','AFR');
INSERT INTO countries (code, name, region_code) VALUES ('38','Seychelles','AFR');
INSERT INTO countries (code, name, region_code) VALUES ('39','Sierra Leone','AFR');
INSERT INTO countries (code, name, region_code) VALUES ('4','Burkina Faso','AFR');
INSERT INTO countries (code, name, region_code) VALUES ('40','Somalia','AFR');
INSERT INTO countries (code, name, region_code) VALUES ('41','South Africa','AFR');
INSERT INTO countries (code, name, region_code) VALUES ('42','Sudan','AFR');
INSERT INTO countries (code, name, region_code) VALUES ('43','Swaziland','AFR');
INSERT INTO countries (code, name, region_code) VALUES ('44','Tanzania, United Republic of','AFR');
INSERT INTO countries (code, name, region_code) VALUES ('45','Togo','AFR');
INSERT INTO countries (code, name, region_code) VALUES ('46','Uganda','AFR');
INSERT INTO countries (code, name, region_code) VALUES ('47','Western Sahara','AFR');
INSERT INTO countries (code, name, region_code) VALUES ('48','Zaire','AFR');
INSERT INTO countries (code, name, region_code) VALUES ('49','Zambia','AFR');
INSERT INTO countries (code, name, region_code) VALUES ('5','Burundi','AFR');
INSERT INTO countries (code, name, region_code) VALUES ('50','Zimbabwe','AFR');
INSERT INTO countries (code, name, region_code) VALUES ('51','Algeria','MNA');
INSERT INTO countries (code, name, region_code) VALUES ('52','Egypt','MNA');
INSERT INTO countries (code, name, region_code) VALUES ('53','Gaza Strip','MNA');
INSERT INTO countries (code, name, region_code) VALUES ('54','Iran','MNA');
INSERT INTO countries (code, name, region_code) VALUES ('55','Iraq','MNA');
INSERT INTO countries (code, name, region_code) VALUES ('56','Jordan','MNA');
INSERT INTO countries (code, name, region_code) VALUES ('57','Lebanon','MNA');
INSERT INTO countries (code, name, region_code) VALUES ('58','Libya','MNA');
INSERT INTO countries (code, name, region_code) VALUES ('59','Morocco','MNA');
INSERT INTO countries (code, name, region_code) VALUES ('6','Cameroon','AFR');
INSERT INTO countries (code, name, region_code) VALUES ('60','Oman','MNA');
INSERT INTO countries (code, name, region_code) VALUES ('61','Saudi Arabia','MNA');
INSERT INTO countries (code, name, region_code) VALUES ('62','Syria','MNA');
INSERT INTO countries (code, name, region_code) VALUES ('63','Tunisia','MNA');
INSERT INTO countries (code, name, region_code) VALUES ('64','West Bank','MNA');
INSERT INTO countries (code, name, region_code) VALUES ('65','Yemen','MNA');
INSERT INTO countries (code, name, region_code) VALUES ('66','Albania','ECA');
INSERT INTO countries (code, name, region_code) VALUES ('67','Armenia','ECA');
INSERT INTO countries (code, name, region_code) VALUES ('68','Azerbaijan','ECA');
INSERT INTO countries (code, name, region_code) VALUES ('69','Bosnia and Herzegovina','ECA');
INSERT INTO countries (code, name, region_code) VALUES ('7','Central African Republic','AFR');
INSERT INTO countries (code, name, region_code) VALUES ('70','Bulgaria','ECA');
INSERT INTO countries (code, name, region_code) VALUES ('71','Byelarus','ECA');
INSERT INTO countries (code, name, region_code) VALUES ('72','Croatia','ECA');
INSERT INTO countries (code, name, region_code) VALUES ('73','Czech Republic','ECA');
INSERT INTO countries (code, name, region_code) VALUES ('74','Estonia','ECA');
INSERT INTO countries (code, name, region_code) VALUES ('75','Georgia','ECA');
INSERT INTO countries (code, name, region_code) VALUES ('76','Hungary','ECA');
INSERT INTO countries (code, name, region_code) VALUES ('77','Kazakhstan','ECA');
INSERT INTO countries (code, name, region_code) VALUES ('78','Kyrgyzstan','ECA');
INSERT INTO countries (code, name, region_code) VALUES ('79','Latvia','ECA');
INSERT INTO countries (code, name, region_code) VALUES ('8','Chad','AFR');
INSERT INTO countries (code, name, region_code) VALUES ('80','Lithuania','ECA');
INSERT INTO countries (code, name, region_code) VALUES ('81','Macedonia','ECA');
INSERT INTO countries (code, name, region_code) VALUES ('82','Moldova','ECA');
INSERT INTO countries (code, name, region_code) VALUES ('83','Montenegro','ECA');
INSERT INTO countries (code, name, region_code) VALUES ('84','Poland','ECA');
INSERT INTO countries (code, name, region_code) VALUES ('85','Romania','ECA');
INSERT INTO countries (code, name, region_code) VALUES ('86','Russia','ECA');
INSERT INTO countries (code, name, region_code) VALUES ('87','Serbia','ECA');
INSERT INTO countries (code, name, region_code) VALUES ('88','Slovakia','ECA');
INSERT INTO countries (code, name, region_code) VALUES ('89','Slovenia','ECA');
INSERT INTO countries (code, name, region_code) VALUES ('9','Comoros','AFR');
INSERT INTO countries (code, name, region_code) VALUES ('90','Tajikistan','ECA');
INSERT INTO countries (code, name, region_code) VALUES ('91','Turkey','ECA');
INSERT INTO countries (code, name, region_code) VALUES ('92','Turkmenistan','ECA');
INSERT INTO countries (code, name, region_code) VALUES ('93','Ukraine','ECA');
INSERT INTO countries (code, name, region_code) VALUES ('94','Uzbekistan','ECA');
INSERT INTO countries (code, name, region_code) VALUES ('95','Afghanistan','SAS');
INSERT INTO countries (code, name, region_code) VALUES ('96','Bangladesh','SAS');
INSERT INTO countries (code, name, region_code) VALUES ('97','Bhutan','SAS');
INSERT INTO countries (code, name, region_code) VALUES ('98','India','SAS');
INSERT INTO countries (code, name, region_code) VALUES ('99','Nepal','SAS');

INSERT INTO farming_systems (id, code, name, description, documentation, region_code) VALUES (1,'a1','Irrigated',NULL,NULL,'AFR');
INSERT INTO farming_systems (id, code, name, description, documentation, region_code) VALUES (2,'a2','Tree crop',NULL,NULL,'AFR');
INSERT INTO farming_systems (id, code, name, description, documentation, region_code) VALUES (3,'a3','Forest based',NULL,NULL,'AFR');
INSERT INTO farming_systems (id, code, name, description, documentation, region_code) VALUES (4,'a4','Rice-tree crop',NULL,NULL,'AFR');
INSERT INTO farming_systems (id, code, name, description, documentation, region_code) VALUES (5,'a5','Highland perennial',NULL,NULL,'AFR');
INSERT INTO farming_systems (id, code, name, description, documentation, region_code) VALUES (6,'a6','Highland temperate mixed',NULL,NULL,'AFR');
INSERT INTO farming_systems (id, code, name, description, documentation, region_code) VALUES (7,'a7','Root crop',NULL,NULL,'AFR');
INSERT INTO farming_systems (id, code, name, description, documentation, region_code) VALUES (8,'a8','Cereal-root crop mixed',NULL,NULL,'AFR');
INSERT INTO farming_systems (id, code, name, description, documentation, region_code) VALUES (9,'a9','Maize mixed',NULL,NULL,'AFR');
INSERT INTO farming_systems (id, code, name, description, documentation, region_code) VALUES (10,'a10','Large commercial & smallholder',NULL,NULL,'AFR');
INSERT INTO farming_systems (id, code, name, description, documentation, region_code) VALUES (11,'a11','Agro-pastoral millet/sorghum',NULL,NULL,'AFR');
INSERT INTO farming_systems (id, code, name, description, documentation, region_code) VALUES (12,'a12','Pastoral',NULL,NULL,'AFR');
INSERT INTO farming_systems (id, code, name, description, documentation, region_code) VALUES (13,'a13','Sparse (arid)',NULL,NULL,'AFR');
INSERT INTO farming_systems (id, code, name, description, documentation, region_code) VALUES (14,'a14','Coastal artisanal fishing',NULL,NULL,'AFR');
INSERT INTO farming_systems (id, code, name, description, documentation, region_code) VALUES (15,'a15','Urban based (not mapped)',NULL,NULL,'AFR');
INSERT INTO farming_systems (id, code, name, description, documentation, region_code) VALUES (16,'b1','Irrigated',NULL,NULL,'MNA');
INSERT INTO farming_systems (id, code, name, description, documentation, region_code) VALUES (17,'b2','Highland mixed',NULL,NULL,'MNA');
INSERT INTO farming_systems (id, code, name, description, documentation, region_code) VALUES (18,'b3','Rainfed mixed',NULL,NULL,'MNA');
INSERT INTO farming_systems (id, code, name, description, documentation, region_code) VALUES (19,'b4','Dryland mixed',NULL,NULL,'MNA');
INSERT INTO farming_systems (id, code, name, description, documentation, region_code) VALUES (20,'b5','Pastoral',NULL,NULL,'MNA');
INSERT INTO farming_systems (id, code, name, description, documentation, region_code) VALUES (21,'b6','Sparse (arid)',NULL,NULL,'MNA');
INSERT INTO farming_systems (id, code, name, description, documentation, region_code) VALUES (22,'b7','Coastal artisanal fishing (not mapped)',NULL,NULL,'MNA');
INSERT INTO farming_systems (id, code, name, description, documentation, region_code) VALUES (23,'b8','Urban based (not mapped)',NULL,NULL,'MNA');
INSERT INTO farming_systems (id, code, name, description, documentation, region_code) VALUES (24,'c1','Irrigated',NULL,NULL,'ECA');
INSERT INTO farming_systems (id, code, name, description, documentation, region_code) VALUES (25,'c2','Mixed',NULL,NULL,'ECA');
INSERT INTO farming_systems (id, code, name, description, documentation, region_code) VALUES (26,'c3','Forest based livestock',NULL,NULL,'ECA');
INSERT INTO farming_systems (id, code, name, description, documentation, region_code) VALUES (27,'c4','Horticulture mixed',NULL,NULL,'ECA');
INSERT INTO farming_systems (id, code, name, description, documentation, region_code) VALUES (28,'c5','Large scale cereal-vegetable',NULL,NULL,'ECA');
INSERT INTO farming_systems (id, code, name, description, documentation, region_code) VALUES (29,'c6','Small scale cereal-livestock',NULL,NULL,'ECA');
INSERT INTO farming_systems (id, code, name, description, documentation, region_code) VALUES (30,'c7','Extensive cereal-livestock',NULL,NULL,'ECA');
INSERT INTO farming_systems (id, code, name, description, documentation, region_code) VALUES (31,'c8','Pastoral',NULL,NULL,'ECA');
INSERT INTO farming_systems (id, code, name, description, documentation, region_code) VALUES (32,'c9','Sparse (cold)',NULL,NULL,'ECA');
INSERT INTO farming_systems (id, code, name, description, documentation, region_code) VALUES (33,'c10','Sparse (arid)',NULL,NULL,'ECA');
INSERT INTO farming_systems (id, code, name, description, documentation, region_code) VALUES (34,'c11','Urban based (not mapped)',NULL,NULL,'ECA');
INSERT INTO farming_systems (id, code, name, description, documentation, region_code) VALUES (35,'d1','Rice',NULL,NULL,'SAS');
INSERT INTO farming_systems (id, code, name, description, documentation, region_code) VALUES (36,'d2','Coastal artisanal fishing',NULL,NULL,'SAS');
INSERT INTO farming_systems (id, code, name, description, documentation, region_code) VALUES (37,'d3','Rice-wheat',NULL,NULL,'SAS');
INSERT INTO farming_systems (id, code, name, description, documentation, region_code) VALUES (38,'d4','Highland mixed',NULL,NULL,'SAS');
INSERT INTO farming_systems (id, code, name, description, documentation, region_code) VALUES (39,'d5','Rainfed mixed',NULL,NULL,'SAS');
INSERT INTO farming_systems (id, code, name, description, documentation, region_code) VALUES (40,'d6','Dry rainfed',NULL,NULL,'SAS');
INSERT INTO farming_systems (id, code, name, description, documentation, region_code) VALUES (41,'d7','Pastoral',NULL,NULL,'SAS');
INSERT INTO farming_systems (id, code, name, description, documentation, region_code) VALUES (42,'d8','Sparse (arid)',NULL,NULL,'SAS');
INSERT INTO farming_systems (id, code, name, description, documentation, region_code) VALUES (43,'d9','Sparse (mountain)',NULL,NULL,'SAS');
INSERT INTO farming_systems (id, code, name, description, documentation, region_code) VALUES (44,'d10','Tree crop (not mapped)',NULL,NULL,'SAS');
INSERT INTO farming_systems (id, code, name, description, documentation, region_code) VALUES (45,'d11','Urban based (not mapped)',NULL,NULL,'SAS');
INSERT INTO farming_systems (id, code, name, description, documentation, region_code) VALUES (46,'e1','Lowland rice',NULL,NULL,'EAP');
INSERT INTO farming_systems (id, code, name, description, documentation, region_code) VALUES (47,'e2','Tree crop mixed',NULL,NULL,'EAP');
INSERT INTO farming_systems (id, code, name, description, documentation, region_code) VALUES (48,'e3','Root-tuber',NULL,NULL,'EAP');
INSERT INTO farming_systems (id, code, name, description, documentation, region_code) VALUES (49,'e4','Upland intensive mixed',NULL,NULL,'EAP');
INSERT INTO farming_systems (id, code, name, description, documentation, region_code) VALUES (50,'e5','Highland extensive mixed',NULL,NULL,'EAP');
INSERT INTO farming_systems (id, code, name, description, documentation, region_code) VALUES (51,'e6','Temperate mixed',NULL,NULL,'EAP');
INSERT INTO farming_systems (id, code, name, description, documentation, region_code) VALUES (52,'e7','Pastoral',NULL,NULL,'EAP');
INSERT INTO farming_systems (id, code, name, description, documentation, region_code) VALUES (53,'e8','Sparse (forest)',NULL,NULL,'EAP');
INSERT INTO farming_systems (id, code, name, description, documentation, region_code) VALUES (54,'e9','Sparse (arid)',NULL,NULL,'EAP');
INSERT INTO farming_systems (id, code, name, description, documentation, region_code) VALUES (55,'e10','Coastal artisanal fishing (not mapped)',NULL,NULL,'EAP');
INSERT INTO farming_systems (id, code, name, description, documentation, region_code) VALUES (56,'e11','Urban based (not mapped)',NULL,NULL,'EAP');
INSERT INTO farming_systems (id, code, name, description, documentation, region_code) VALUES (57,'f1','Irrigated',NULL,NULL,'LAC');
INSERT INTO farming_systems (id, code, name, description, documentation, region_code) VALUES (58,'f2','Forest based',NULL,NULL,'LAC');
INSERT INTO farming_systems (id, code, name, description, documentation, region_code) VALUES (59,'f3','Coastal plantation & mixed',NULL,NULL,'LAC');
INSERT INTO farming_systems (id, code, name, description, documentation, region_code) VALUES (60,'f4','Intensive mixed',NULL,NULL,'LAC');
INSERT INTO farming_systems (id, code, name, description, documentation, region_code) VALUES (61,'f5','Cereal-livestock (Campos)',NULL,NULL,'LAC');
INSERT INTO farming_systems (id, code, name, description, documentation, region_code) VALUES (62,'f6','Maize-beans (Mesoamerica)',NULL,NULL,'LAC');
INSERT INTO farming_systems (id, code, name, description, documentation, region_code) VALUES (63,'f7','Extensive mixed (Cerrados & Llanos)',NULL,NULL,'LAC');
INSERT INTO farming_systems (id, code, name, description, documentation, region_code) VALUES (64,'f8','Intensive highland mixed (North Andes)',NULL,NULL,'LAC');
INSERT INTO farming_systems (id, code, name, description, documentation, region_code) VALUES (65,'f9','High altitude mixed (Central Andes)',NULL,NULL,'LAC');
INSERT INTO farming_systems (id, code, name, description, documentation, region_code) VALUES (66,'f10','Mediterranean mixed',NULL,NULL,'LAC');
INSERT INTO farming_systems (id, code, name, description, documentation, region_code) VALUES (67,'f11','Temperate mixed (Pampas)',NULL,NULL,'LAC');
INSERT INTO farming_systems (id, code, name, description, documentation, region_code) VALUES (68,'f12','Extensive dryland mixed (Gran Chaco)',NULL,NULL,'LAC');
INSERT INTO farming_systems (id, code, name, description, documentation, region_code) VALUES (69,'f13','Dryland mixed',NULL,NULL,'LAC');
INSERT INTO farming_systems (id, code, name, description, documentation, region_code) VALUES (70,'f14','Pastoral',NULL,NULL,'LAC');
INSERT INTO farming_systems (id, code, name, description, documentation, region_code) VALUES (71,'f15','Sparse (forest)',NULL,NULL,'LAC');
INSERT INTO farming_systems (id, code, name, description, documentation, region_code) VALUES (72,'f16','Urban based (not mapped)',NULL,NULL,'LAC');
INSERT INTO farming_systems (id, code, name, description, documentation, region_code) VALUES (73,'f17','Moist temperate mixed-forest',NULL,NULL,'LAC');

INSERT INTO categories (id, code, name, description, documentation) VALUES (1,'A','Animals',NULL,NULL);
INSERT INTO categories (id, code, name, description, documentation) VALUES (2,'B','Berries',NULL,NULL);
INSERT INTO categories (id, code, name, description, documentation) VALUES (3,'C','Cereals',NULL,NULL);
INSERT INTO categories (id, code, name, description, documentation) VALUES (4,'D','Fibre crops',NULL,NULL);
INSERT INTO categories (id, code, name, description, documentation) VALUES (5,'E','Fruits',NULL,NULL);
INSERT INTO categories (id, code, name, description, documentation) VALUES (6,'F','Nuts, seeds',NULL,NULL);
INSERT INTO categories (id, code, name, description, documentation) VALUES (7,'G','Oil crops',NULL,NULL);
INSERT INTO categories (id, code, name, description, documentation) VALUES (8,'H','Pulses',NULL,NULL);
INSERT INTO categories (id, code, name, description, documentation) VALUES (9,'I','Roots, tubers',NULL,NULL);
INSERT INTO categories (id, code, name, description, documentation) VALUES (10,'J','Spices',NULL,NULL);
INSERT INTO categories (id, code, name, description, documentation) VALUES (11,'K','Vegetables',NULL,NULL);
INSERT INTO categories (id, code, name, description, documentation) VALUES (12,'L','Other plant products',NULL,NULL);
INSERT INTO categories (id, code, name, description, documentation) VALUES (13,'M','Fuel Efficient Stoves',NULL,NULL);
INSERT INTO categories (id, code, name, description, documentation) VALUES (14,'N','Other',NULL,NULL);
INSERT INTO categories (id, code, name, description, documentation) VALUES (15,'O','Forage',NULL,NULL);
INSERT INTO categories (id, code, name, description, documentation) VALUES (16,'P','Post-harvest',NULL,NULL);
INSERT INTO categories (id, code, name, description, documentation) VALUES (17,'Q','Residues',NULL,NULL);
INSERT INTO categories (id, code, name, description, documentation) VALUES (18,'R','Trees',NULL,NULL);
INSERT INTO categories (id, code, name, description, documentation) VALUES (19,'S','Cover crops/green manures',NULL,NULL);

INSERT INTO production_systems (id, code, name, description, documentation, category_id) VALUES (1,'a1','Animals (general/other)','',NULL,1);
INSERT INTO production_systems (id, code, name, description, documentation, category_id) VALUES (2,'a2','Bees','',NULL,1);
INSERT INTO production_systems (id, code, name, description, documentation, category_id) VALUES (3,'a3','Beeswax','',NULL,1);
INSERT INTO production_systems (id, code, name, description, documentation, category_id) VALUES (4,'a4','Birds','',NULL,1);
INSERT INTO production_systems (id, code, name, description, documentation, category_id) VALUES (5,'a5','Buffalo','',NULL,1);
INSERT INTO production_systems (id, code, name, description, documentation, category_id) VALUES (6,'a6','Camel','',NULL,1);
INSERT INTO production_systems (id, code, name, description, documentation, category_id) VALUES (7,'a7','Chicken','',NULL,1);
INSERT INTO production_systems (id, code, name, description, documentation, category_id) VALUES (8,'a8','Cattle','',NULL,1);
INSERT INTO production_systems (id, code, name, description, documentation, category_id) VALUES (9,'a23','Crustaceans','',NULL,1);
INSERT INTO production_systems (id, code, name, description, documentation, category_id) VALUES (10,'a9','Duck','',NULL,1);
INSERT INTO production_systems (id, code, name, description, documentation, category_id) VALUES (11,'a26','Draught power','',NULL,1);
INSERT INTO production_systems (id, code, name, description, documentation, category_id) VALUES (12,'a10','Eggs, hen','',NULL,1);
INSERT INTO production_systems (id, code, name, description, documentation, category_id) VALUES (13,'a11','Eggs, other bird','',NULL,1);
INSERT INTO production_systems (id, code, name, description, documentation, category_id) VALUES (14,'a28','Feathers','',NULL,1);
INSERT INTO production_systems (id, code, name, description, documentation, category_id) VALUES (15,'a29','Fingerlings','',NULL,1);
INSERT INTO production_systems (id, code, name, description, documentation, category_id) VALUES (16,'a24','Fish','',NULL,1);
INSERT INTO production_systems (id, code, name, description, documentation, category_id) VALUES (17,'a12','Geese','',NULL,1);
INSERT INTO production_systems (id, code, name, description, documentation, category_id) VALUES (18,'a13','Goat','',NULL,1);
INSERT INTO production_systems (id, code, name, description, documentation, category_id) VALUES (19,'a30','Hatchlings','',NULL,1);
INSERT INTO production_systems (id, code, name, description, documentation, category_id) VALUES (20,'a31','Hides','',NULL,1);
INSERT INTO production_systems (id, code, name, description, documentation, category_id) VALUES (21,'a14','Horse','',NULL,1);
INSERT INTO production_systems (id, code, name, description, documentation, category_id) VALUES (22,'a32','Meat','',NULL,1);
INSERT INTO production_systems (id, code, name, description, documentation, category_id) VALUES (23,'a33','Milk','',NULL,1);
INSERT INTO production_systems (id, code, name, description, documentation, category_id) VALUES (24,'a25','Mollusc','',NULL,1);
INSERT INTO production_systems (id, code, name, description, documentation, category_id) VALUES (25,'a15','Mule','',NULL,1);
INSERT INTO production_systems (id, code, name, description, documentation, category_id) VALUES (26,'a16','Pig','',NULL,1);
INSERT INTO production_systems (id, code, name, description, documentation, category_id) VALUES (27,'a17','Pigeons, other birds','',NULL,1);
INSERT INTO production_systems (id, code, name, description, documentation, category_id) VALUES (28,'a18','Rabbit','',NULL,1);
INSERT INTO production_systems (id, code, name, description, documentation, category_id) VALUES (29,'a19','Rodents','',NULL,1);
INSERT INTO production_systems (id, code, name, description, documentation, category_id) VALUES (30,'a34','Semen','',NULL,1);
INSERT INTO production_systems (id, code, name, description, documentation, category_id) VALUES (31,'a20','Sheep','',NULL,1);
INSERT INTO production_systems (id, code, name, description, documentation, category_id) VALUES (32,'a35','Skins','',NULL,1);
INSERT INTO production_systems (id, code, name, description, documentation, category_id) VALUES (33,'a21','Snails','',NULL,1);
INSERT INTO production_systems (id, code, name, description, documentation, category_id) VALUES (34,'a22','Turkey','',NULL,1);
INSERT INTO production_systems (id, code, name, description, documentation, category_id) VALUES (35,'a36','Wool','',NULL,1);
INSERT INTO production_systems (id, code, name, description, documentation, category_id) VALUES (36,'b1','Berries (general/other)','',NULL,2);
INSERT INTO production_systems (id, code, name, description, documentation, category_id) VALUES (37,'b2','Blueberries','',NULL,2);
INSERT INTO production_systems (id, code, name, description, documentation, category_id) VALUES (38,'b3','Cherries','',NULL,2);
INSERT INTO production_systems (id, code, name, description, documentation, category_id) VALUES (39,'b4','Cranberries','',NULL,2);
INSERT INTO production_systems (id, code, name, description, documentation, category_id) VALUES (40,'b5','Currants','',NULL,2);
INSERT INTO production_systems (id, code, name, description, documentation, category_id) VALUES (41,'b6','Gooseberries','',NULL,2);
INSERT INTO production_systems (id, code, name, description, documentation, category_id) VALUES (42,'b7','Raspberries','',NULL,2);
INSERT INTO production_systems (id, code, name, description, documentation, category_id) VALUES (43,'b8','Strawberries','',NULL,2);
INSERT INTO production_systems (id, code, name, description, documentation, category_id) VALUES (44,'c1','Cereals (general/other)','',NULL,3);
INSERT INTO production_systems (id, code, name, description, documentation, category_id) VALUES (45,'c2','Amaranth','',NULL,3);
INSERT INTO production_systems (id, code, name, description, documentation, category_id) VALUES (46,'c3','Barley','',NULL,3);
INSERT INTO production_systems (id, code, name, description, documentation, category_id) VALUES (47,'c4','Buckwheat','',NULL,3);
INSERT INTO production_systems (id, code, name, description, documentation, category_id) VALUES (48,'c5','Canary seed Carobs','',NULL,3);
INSERT INTO production_systems (id, code, name, description, documentation, category_id) VALUES (49,'c6','Fonio','',NULL,3);
INSERT INTO production_systems (id, code, name, description, documentation, category_id) VALUES (50,'c7','Maize','',NULL,3);
INSERT INTO production_systems (id, code, name, description, documentation, category_id) VALUES (51,'c8','Millet','',NULL,3);
INSERT INTO production_systems (id, code, name, description, documentation, category_id) VALUES (52,'c9','Oats','',NULL,3);
INSERT INTO production_systems (id, code, name, description, documentation, category_id) VALUES (53,'c10','Quinoa','',NULL,3);
INSERT INTO production_systems (id, code, name, description, documentation, category_id) VALUES (54,'c11','Rice','',NULL,3);
INSERT INTO production_systems (id, code, name, description, documentation, category_id) VALUES (55,'c12','Rye','',NULL,3);
INSERT INTO production_systems (id, code, name, description, documentation, category_id) VALUES (56,'c13','Sorghum','',NULL,3);
INSERT INTO production_systems (id, code, name, description, documentation, category_id) VALUES (57,'c14','Wheat','',NULL,3);
INSERT INTO production_systems (id, code, name, description, documentation, category_id) VALUES (58,'c15','Tef','',NULL,3);
INSERT INTO production_systems (id, code, name, description, documentation, category_id) VALUES (59,'c16','Finger millet','',NULL,3);
INSERT INTO production_systems (id, code, name, description, documentation, category_id) VALUES (60,'c17','Pearl millet','',NULL,3);
INSERT INTO production_systems (id, code, name, description, documentation, category_id) VALUES (61,'d1','Fibre crops (general/other)','',NULL,4);
INSERT INTO production_systems (id, code, name, description, documentation, category_id) VALUES (62,'d2','Agave fibres','',NULL,4);
INSERT INTO production_systems (id, code, name, description, documentation, category_id) VALUES (63,'d3','Bastfibres, other','',NULL,4);
INSERT INTO production_systems (id, code, name, description, documentation, category_id) VALUES (64,'d4','Coir','',NULL,4);
INSERT INTO production_systems (id, code, name, description, documentation, category_id) VALUES (65,'d5','Cotton','',NULL,4);
INSERT INTO production_systems (id, code, name, description, documentation, category_id) VALUES (66,'d6','Flax fibre and tow','',NULL,4);
INSERT INTO production_systems (id, code, name, description, documentation, category_id) VALUES (67,'d7','Hemp','',NULL,4);
INSERT INTO production_systems (id, code, name, description, documentation, category_id) VALUES (68,'d8','Jute','',NULL,4);
INSERT INTO production_systems (id, code, name, description, documentation, category_id) VALUES (69,'d9','Kapok','',NULL,4);
INSERT INTO production_systems (id, code, name, description, documentation, category_id) VALUES (70,'d10','Manila fibre (abaca)','',NULL,4);
INSERT INTO production_systems (id, code, name, description, documentation, category_id) VALUES (71,'d11','Ramie','',NULL,4);
INSERT INTO production_systems (id, code, name, description, documentation, category_id) VALUES (72,'d12','Seed cotton','',NULL,4);
INSERT INTO production_systems (id, code, name, description, documentation, category_id) VALUES (73,'d13','Silk-worm cocoons','',NULL,4);
INSERT INTO production_systems (id, code, name, description, documentation, category_id) VALUES (74,'d14','Sisal','',NULL,4);
INSERT INTO production_systems (id, code, name, description, documentation, category_id) VALUES (75,'d15','Roselle (Hibiscus)','',NULL,4);
INSERT INTO production_systems (id, code, name, description, documentation, category_id) VALUES (76,'e1','Apples','',NULL,5);
INSERT INTO production_systems (id, code, name, description, documentation, category_id) VALUES (77,'e2','Apricots','',NULL,5);
INSERT INTO production_systems (id, code, name, description, documentation, category_id) VALUES (78,'e3','Avocados','',NULL,5);
INSERT INTO production_systems (id, code, name, description, documentation, category_id) VALUES (79,'e4','Bananas','',NULL,5);
INSERT INTO production_systems (id, code, name, description, documentation, category_id) VALUES (80,'e5','Cashew apple','',NULL,5);
INSERT INTO production_systems (id, code, name, description, documentation, category_id) VALUES (81,'e6','Figs','',NULL,5);
INSERT INTO production_systems (id, code, name, description, documentation, category_id) VALUES (82,'e7','Fruit, citrus (general/other)','',NULL,5);
INSERT INTO production_systems (id, code, name, description, documentation, category_id) VALUES (83,'e8','Fruit (general/other)','',NULL,5);
INSERT INTO production_systems (id, code, name, description, documentation, category_id) VALUES (84,'e9','Fruit, pome (general/other)','',NULL,5);
INSERT INTO production_systems (id, code, name, description, documentation, category_id) VALUES (85,'e10','Grapefruit (inc. pomelos)','',NULL,5);
INSERT INTO production_systems (id, code, name, description, documentation, category_id) VALUES (86,'e11','Grapes','',NULL,5);
INSERT INTO production_systems (id, code, name, description, documentation, category_id) VALUES (87,'e12','Kiwi fruit','',NULL,5);
INSERT INTO production_systems (id, code, name, description, documentation, category_id) VALUES (88,'e13','Lemons and limes','',NULL,5);
INSERT INTO production_systems (id, code, name, description, documentation, category_id) VALUES (89,'e14','Mangoes, mangosteens, guavas','',NULL,5);
INSERT INTO production_systems (id, code, name, description, documentation, category_id) VALUES (90,'e15','Melons, other (inc.cantaloupes)','',NULL,5);
INSERT INTO production_systems (id, code, name, description, documentation, category_id) VALUES (91,'e16','Nectarines','',NULL,5);
INSERT INTO production_systems (id, code, name, description, documentation, category_id) VALUES (92,'e17','Oranges','',NULL,5);
INSERT INTO production_systems (id, code, name, description, documentation, category_id) VALUES (93,'e18','Papayas','',NULL,5);
INSERT INTO production_systems (id, code, name, description, documentation, category_id) VALUES (94,'e19','Peach','',NULL,5);
INSERT INTO production_systems (id, code, name, description, documentation, category_id) VALUES (95,'e20','Pears','',NULL,5);
INSERT INTO production_systems (id, code, name, description, documentation, category_id) VALUES (96,'e21','Persimmons','',NULL,5);
INSERT INTO production_systems (id, code, name, description, documentation, category_id) VALUES (97,'e22','Pineapples','',NULL,5);
INSERT INTO production_systems (id, code, name, description, documentation, category_id) VALUES (98,'e23','Plantains','',NULL,5);
INSERT INTO production_systems (id, code, name, description, documentation, category_id) VALUES (99,'e24','Plums and sloes','',NULL,5);
INSERT INTO production_systems (id, code, name, description, documentation, category_id) VALUES (100,'e25','Quinces','',NULL,5);
INSERT INTO production_systems (id, code, name, description, documentation, category_id) VALUES (101,'e26','Tangerines, mandarins, clementines, satsumas','',NULL,5);
INSERT INTO production_systems (id, code, name, description, documentation, category_id) VALUES (102,'e27','Tomatoes','',NULL,5);
INSERT INTO production_systems (id, code, name, description, documentation, category_id) VALUES (103,'e28','Watermelons','',NULL,5);
INSERT INTO production_systems (id, code, name, description, documentation, category_id) VALUES (104,'e29','Yellow Passion fruit','',NULL,5);
INSERT INTO production_systems (id, code, name, description, documentation, category_id) VALUES (105,'e30','Fruit trees (general)','',NULL,5);
INSERT INTO production_systems (id, code, name, description, documentation, category_id) VALUES (106,'e31','Musklmelon','',NULL,5);
INSERT INTO production_systems (id, code, name, description, documentation, category_id) VALUES (107,'e32','Pomegranate','',NULL,5);
INSERT INTO production_systems (id, code, name, description, documentation, category_id) VALUES (108,'e33','Sapota','',NULL,5);
INSERT INTO production_systems (id, code, name, description, documentation, category_id) VALUES (109,'e34','Peach-palm','',NULL,5);
INSERT INTO production_systems (id, code, name, description, documentation, category_id) VALUES (110,'e35','Ber/Chinee Apple/Jujube/Indian plum/Masau','',NULL,5);
INSERT INTO production_systems (id, code, name, description, documentation, category_id) VALUES (111,'e37','Cherry tree','',NULL,5);
INSERT INTO production_systems (id, code, name, description, documentation, category_id) VALUES (112,'f1','Nuts, seeds (general/other)','',NULL,6);
INSERT INTO production_systems (id, code, name, description, documentation, category_id) VALUES (113,'f2','Almonds','',NULL,6);
INSERT INTO production_systems (id, code, name, description, documentation, category_id) VALUES (114,'f3','Areca nuts','',NULL,6);
INSERT INTO production_systems (id, code, name, description, documentation, category_id) VALUES (115,'f4','Brazil nuts','',NULL,6);
INSERT INTO production_systems (id, code, name, description, documentation, category_id) VALUES (116,'f5','Cashew nuts','',NULL,6);
INSERT INTO production_systems (id, code, name, description, documentation, category_id) VALUES (117,'f6','Chestnut','',NULL,6);
INSERT INTO production_systems (id, code, name, description, documentation, category_id) VALUES (118,'f7','Hazelnuts','',NULL,6);
INSERT INTO production_systems (id, code, name, description, documentation, category_id) VALUES (119,'f8','Karite nuts (sheanuts)','',NULL,6);
INSERT INTO production_systems (id, code, name, description, documentation, category_id) VALUES (120,'f9','Kola nuts','',NULL,6);
INSERT INTO production_systems (id, code, name, description, documentation, category_id) VALUES (121,'f10','Linseed','',NULL,6);
INSERT INTO production_systems (id, code, name, description, documentation, category_id) VALUES (122,'f11','Melonseed','',NULL,6);
INSERT INTO production_systems (id, code, name, description, documentation, category_id) VALUES (123,'f12','Mustard seed','',NULL,6);
INSERT INTO production_systems (id, code, name, description, documentation, category_id) VALUES (124,'f13','Pistachios','',NULL,6);
INSERT INTO production_systems (id, code, name, description, documentation, category_id) VALUES (125,'f14','Pyrethrum','',NULL,6);
INSERT INTO production_systems (id, code, name, description, documentation, category_id) VALUES (126,'f15','Safflower seed','',NULL,6);
INSERT INTO production_systems (id, code, name, description, documentation, category_id) VALUES (127,'f16','Sesame seed','',NULL,6);
INSERT INTO production_systems (id, code, name, description, documentation, category_id) VALUES (128,'f17','Triticale Tung nuts','',NULL,6);
INSERT INTO production_systems (id, code, name, description, documentation, category_id) VALUES (129,'f18','Walnuts','',NULL,6);
INSERT INTO production_systems (id, code, name, description, documentation, category_id) VALUES (130,'f19','Seeds (general/other)','',NULL,6);
INSERT INTO production_systems (id, code, name, description, documentation, category_id) VALUES (131,'f20','Peanut','',NULL,6);
INSERT INTO production_systems (id, code, name, description, documentation, category_id) VALUES (132,'g1','Oilseeds (general/other)','',NULL,7);
INSERT INTO production_systems (id, code, name, description, documentation, category_id) VALUES (133,'g2','Castor oil seed','',NULL,7);
INSERT INTO production_systems (id, code, name, description, documentation, category_id) VALUES (134,'g3','Jojoba seed','',NULL,7);
INSERT INTO production_systems (id, code, name, description, documentation, category_id) VALUES (135,'g4','Oil, palm','',NULL,7);
INSERT INTO production_systems (id, code, name, description, documentation, category_id) VALUES (136,'g5','Oil, palm fruit','',NULL,7);
INSERT INTO production_systems (id, code, name, description, documentation, category_id) VALUES (137,'g6','Olives','',NULL,7);
INSERT INTO production_systems (id, code, name, description, documentation, category_id) VALUES (138,'g7','Palm kernels','',NULL,7);
INSERT INTO production_systems (id, code, name, description, documentation, category_id) VALUES (139,'g8','Rapeseed','',NULL,7);
INSERT INTO production_systems (id, code, name, description, documentation, category_id) VALUES (140,'g9','Sunflower seed','',NULL,7);
INSERT INTO production_systems (id, code, name, description, documentation, category_id) VALUES (141,'g10','Tallow tree seed','',NULL,7);
INSERT INTO production_systems (id, code, name, description, documentation, category_id) VALUES (142,'g11','Jatropha','',NULL,7);
INSERT INTO production_systems (id, code, name, description, documentation, category_id) VALUES (143,'g12','Niger','',NULL,7);
INSERT INTO production_systems (id, code, name, description, documentation, category_id) VALUES (144,'h1','Pulses (general/other)','',NULL,8);
INSERT INTO production_systems (id, code, name, description, documentation, category_id) VALUES (145,'h2','Beans (general/other)','',NULL,8);
INSERT INTO production_systems (id, code, name, description, documentation, category_id) VALUES (146,'h3','Mung beans/green grams','',NULL,8);
INSERT INTO production_systems (id, code, name, description, documentation, category_id) VALUES (147,'h4','Peas (general/other)','',NULL,8);
INSERT INTO production_systems (id, code, name, description, documentation, category_id) VALUES (148,'h5','Bambara beans','',NULL,8);
INSERT INTO production_systems (id, code, name, description, documentation, category_id) VALUES (149,'h6','Broad beans, horse beans','',NULL,8);
INSERT INTO production_systems (id, code, name, description, documentation, category_id) VALUES (150,'h7','Chick peas','',NULL,8);
INSERT INTO production_systems (id, code, name, description, documentation, category_id) VALUES (151,'h8','Cow peas, cowpea','',NULL,8);
INSERT INTO production_systems (id, code, name, description, documentation, category_id) VALUES (152,'h9','Groundnuts/Peanut','',NULL,8);
INSERT INTO production_systems (id, code, name, description, documentation, category_id) VALUES (153,'h10','Lentils','',NULL,8);
INSERT INTO production_systems (id, code, name, description, documentation, category_id) VALUES (154,'h11','Lupins','',NULL,8);
INSERT INTO production_systems (id, code, name, description, documentation, category_id) VALUES (155,'h12','Pigeon peas','',NULL,8);
INSERT INTO production_systems (id, code, name, description, documentation, category_id) VALUES (156,'h13','Soybeans','',NULL,8);
INSERT INTO production_systems (id, code, name, description, documentation, category_id) VALUES (157,'h14','String bean/french bean/green bean/common bean/haricot field bean','',NULL,8);
INSERT INTO production_systems (id, code, name, description, documentation, category_id) VALUES (158,'h15','Vetches','',NULL,8);
INSERT INTO production_systems (id, code, name, description, documentation, category_id) VALUES (159,'h16','Cluster bean','',NULL,8);
INSERT INTO production_systems (id, code, name, description, documentation, category_id) VALUES (160,'h17','Long bean/pea bean/snake bean','',NULL,8);
INSERT INTO production_systems (id, code, name, description, documentation, category_id) VALUES (161,'h18','Rice bean','',NULL,8);
INSERT INTO production_systems (id, code, name, description, documentation, category_id) VALUES (162,'h19','Horsegram','',NULL,8);
INSERT INTO production_systems (id, code, name, description, documentation, category_id) VALUES (163,'h20','faba beans','',NULL,8);
INSERT INTO production_systems (id, code, name, description, documentation, category_id) VALUES (164,'h21','black gram','',NULL,8);
INSERT INTO production_systems (id, code, name, description, documentation, category_id) VALUES (165,'i2','Carrots and turnips','',NULL,9);
INSERT INTO production_systems (id, code, name, description, documentation, category_id) VALUES (166,'i3','Cassava','',NULL,9);
INSERT INTO production_systems (id, code, name, description, documentation, category_id) VALUES (167,'i4','Chicory roots','',NULL,9);
INSERT INTO production_systems (id, code, name, description, documentation, category_id) VALUES (168,'i5','Garlic','',NULL,9);
INSERT INTO production_systems (id, code, name, description, documentation, category_id) VALUES (169,'i6','Ginger','',NULL,9);
INSERT INTO production_systems (id, code, name, description, documentation, category_id) VALUES (170,'i7','Potatoes','',NULL,9);
INSERT INTO production_systems (id, code, name, description, documentation, category_id) VALUES (171,'i8','Sugar beet','',NULL,9);
INSERT INTO production_systems (id, code, name, description, documentation, category_id) VALUES (172,'i9','Sweet potatoes','',NULL,9);
INSERT INTO production_systems (id, code, name, description, documentation, category_id) VALUES (173,'i10','Taro/Yautia (cocoyam)','',NULL,9);
INSERT INTO production_systems (id, code, name, description, documentation, category_id) VALUES (174,'i11','Yams','',NULL,9);
INSERT INTO production_systems (id, code, name, description, documentation, category_id) VALUES (175,'i12','Yautia (cocoyam)','',NULL,9);
INSERT INTO production_systems (id, code, name, description, documentation, category_id) VALUES (176,'i13','Turmeric','',NULL,9);
INSERT INTO production_systems (id, code, name, description, documentation, category_id) VALUES (177,'i14','Colocasia','',NULL,9);
INSERT INTO production_systems (id, code, name, description, documentation, category_id) VALUES (178,'j1','Spices (general/other)','',NULL,10);
INSERT INTO production_systems (id, code, name, description, documentation, category_id) VALUES (179,'j2','Anise, badian, fennel, coriander','',NULL,10);
INSERT INTO production_systems (id, code, name, description, documentation, category_id) VALUES (180,'j3','Cardamoms','',NULL,10);
INSERT INTO production_systems (id, code, name, description, documentation, category_id) VALUES (181,'j4','Chillies and peppers','',NULL,10);
INSERT INTO production_systems (id, code, name, description, documentation, category_id) VALUES (182,'j5','Cinnamon (canella)','',NULL,10);
INSERT INTO production_systems (id, code, name, description, documentation, category_id) VALUES (183,'j6','Cloves','',NULL,10);
INSERT INTO production_systems (id, code, name, description, documentation, category_id) VALUES (184,'j7','Nutmeg, mace','',NULL,10);
INSERT INTO production_systems (id, code, name, description, documentation, category_id) VALUES (185,'j8','Pepper (piper spp.)','',NULL,10);
INSERT INTO production_systems (id, code, name, description, documentation, category_id) VALUES (186,'j9','Peppermint','',NULL,10);
INSERT INTO production_systems (id, code, name, description, documentation, category_id) VALUES (187,'j10','Vanilla','',NULL,10);
INSERT INTO production_systems (id, code, name, description, documentation, category_id) VALUES (188,'j11','Cumin','',NULL,10);
INSERT INTO production_systems (id, code, name, description, documentation, category_id) VALUES (189,'k1','Vegetables (general/other)','',NULL,11);
INSERT INTO production_systems (id, code, name, description, documentation, category_id) VALUES (190,'k2','Vegetables, leguminous (general/other)','',NULL,11);
INSERT INTO production_systems (id, code, name, description, documentation, category_id) VALUES (191,'k3','Vegetables, leafy (general/other)','',NULL,11);
INSERT INTO production_systems (id, code, name, description, documentation, category_id) VALUES (192,'k4','Artichokes','',NULL,11);
INSERT INTO production_systems (id, code, name, description, documentation, category_id) VALUES (193,'k5','Asparagus','',NULL,11);
INSERT INTO production_systems (id, code, name, description, documentation, category_id) VALUES (194,'k6','Cabbages and other brassicas','',NULL,11);
INSERT INTO production_systems (id, code, name, description, documentation, category_id) VALUES (195,'k7','Cauliflower and broccoli','',NULL,11);
INSERT INTO production_systems (id, code, name, description, documentation, category_id) VALUES (196,'k8','Cucumbers and gherkins','',NULL,11);
INSERT INTO production_systems (id, code, name, description, documentation, category_id) VALUES (197,'k9','Leeks, other alliaceous vegetables','',NULL,11);
INSERT INTO production_systems (id, code, name, description, documentation, category_id) VALUES (198,'k10','Lettuce and chicory','',NULL,11);
INSERT INTO production_systems (id, code, name, description, documentation, category_id) VALUES (199,'k11','Okra','',NULL,11);
INSERT INTO production_systems (id, code, name, description, documentation, category_id) VALUES (200,'k12','Onions','',NULL,11);
INSERT INTO production_systems (id, code, name, description, documentation, category_id) VALUES (201,'k13','Onions, shallots, green','',NULL,11);
INSERT INTO production_systems (id, code, name, description, documentation, category_id) VALUES (202,'k14','Pumpkins, squash, zucchini and gourds','',NULL,11);
INSERT INTO production_systems (id, code, name, description, documentation, category_id) VALUES (203,'k15','Spinach','',NULL,11);
INSERT INTO production_systems (id, code, name, description, documentation, category_id) VALUES (204,'k16','Eggplant (aubergine, brinjal)','',NULL,11);
INSERT INTO production_systems (id, code, name, description, documentation, category_id) VALUES (205,'k17','Celery','',NULL,11);
INSERT INTO production_systems (id, code, name, description, documentation, category_id) VALUES (206,'k18','Capsicum (bell pepper)','',NULL,11);
INSERT INTO production_systems (id, code, name, description, documentation, category_id) VALUES (207,'l1','Plant products (general/other)','',NULL,12);
INSERT INTO production_systems (id, code, name, description, documentation, category_id) VALUES (208,'l2','Cocoa/cacao','',NULL,12);
INSERT INTO production_systems (id, code, name, description, documentation, category_id) VALUES (209,'l3','Coconuts','',NULL,12);
INSERT INTO production_systems (id, code, name, description, documentation, category_id) VALUES (210,'l4','Coffee','',NULL,12);
INSERT INTO production_systems (id, code, name, description, documentation, category_id) VALUES (211,'l5','Gums, rubber','',NULL,12);
INSERT INTO production_systems (id, code, name, description, documentation, category_id) VALUES (212,'l6','Hops','',NULL,12);
INSERT INTO production_systems (id, code, name, description, documentation, category_id) VALUES (213,'l7','Mat?(yerbas)','',NULL,12);
INSERT INTO production_systems (id, code, name, description, documentation, category_id) VALUES (214,'l8','Mushrooms and truffles','',NULL,12);
INSERT INTO production_systems (id, code, name, description, documentation, category_id) VALUES (215,'l9','Sugar cane','',NULL,12);
INSERT INTO production_systems (id, code, name, description, documentation, category_id) VALUES (216,'l10','Sugar crops, (general/other)','',NULL,12);
INSERT INTO production_systems (id, code, name, description, documentation, category_id) VALUES (217,'l11','Tea','',NULL,12);
INSERT INTO production_systems (id, code, name, description, documentation, category_id) VALUES (218,'l12','Tobacco, unmanufactured','',NULL,12);
INSERT INTO production_systems (id, code, name, description, documentation, category_id) VALUES (219,'I13','Turmeric','',NULL,12);
INSERT INTO production_systems (id, code, name, description, documentation, category_id) VALUES (220,'l14','Cupuacu (related to cacao)','',NULL,12);
INSERT INTO production_systems (id, code, name, description, documentation, category_id) VALUES (221,'l15','Roselle','',NULL,12);
INSERT INTO production_systems (id, code, name, description, documentation, category_id) VALUES (222,'l16','Grasses','',NULL,12);
INSERT INTO production_systems (id, code, name, description, documentation, category_id) VALUES (223,'l17','Basil','',NULL,12);
INSERT INTO production_systems (id, code, name, description, documentation, category_id) VALUES (224,'m1','Cookstove','',NULL,13);
INSERT INTO production_systems (id, code, name, description, documentation, category_id) VALUES (225,'m2','Biodigestor','',NULL,13);
INSERT INTO production_systems (id, code, name, description, documentation, category_id) VALUES (226,'m3','Biomass feedstock','',NULL,13);
INSERT INTO production_systems (id, code, name, description, documentation, category_id) VALUES (227,'m4','Biodigestor byproducts and cobenefits','Biodigestor byproducts like Slurry for fertilizer, etc. And related cobenefits for health, etc.',NULL,13);
INSERT INTO production_systems (id, code, name, description, documentation, category_id) VALUES (228,'m5','Biogas','',NULL,13);
INSERT INTO production_systems (id, code, name, description, documentation, category_id) VALUES (229,'m6','Conventional energy (coal for cooking)','',NULL,13);
INSERT INTO production_systems (id, code, name, description, documentation, category_id) VALUES (230,'m7','Conventional energy (coal for heating)','',NULL,13);
INSERT INTO production_systems (id, code, name, description, documentation, category_id) VALUES (231,'m8','Conventional cooking + heating energy (various or unspecified)','',NULL,13);
INSERT INTO production_systems (id, code, name, description, documentation, category_id) VALUES (232,'n1','Other','',NULL,14);
INSERT INTO production_systems (id, code, name, description, documentation, category_id) VALUES (233,'n2','Agroforestry system','',NULL,14);
INSERT INTO production_systems (id, code, name, description, documentation, category_id) VALUES (234,'n3','Harbacious legume','',NULL,14);
INSERT INTO production_systems (id, code, name, description, documentation, category_id) VALUES (235,'n4','Flowering plants (i.e tithonia)','',NULL,14);
INSERT INTO production_systems (id, code, name, description, documentation, category_id) VALUES (236,'n5','Fungal diversity','',NULL,14);
INSERT INTO production_systems (id, code, name, description, documentation, category_id) VALUES (237,'n6','Bacterial diversity','',NULL,14);
INSERT INTO production_systems (id, code, name, description, documentation, category_id) VALUES (238,'n7','Crotaliaria','',NULL,14);
INSERT INTO production_systems (id, code, name, description, documentation, category_id) VALUES (239,'n8','Aloe','',NULL,14);
INSERT INTO production_systems (id, code, name, description, documentation, category_id) VALUES (240,'t1','Water harvesting structure','',NULL,14);
INSERT INTO production_systems (id, code, name, description, documentation, category_id) VALUES (241,'t2','Irrigation technique/technology','',NULL,14);
INSERT INTO production_systems (id, code, name, description, documentation, category_id) VALUES (242,'u1','No relevant crop just soil experiment','',NULL,14);
INSERT INTO production_systems (id, code, name, description, documentation, category_id) VALUES (243,'o1','Forage grass','',NULL,15);
INSERT INTO production_systems (id, code, name, description, documentation, category_id) VALUES (244,'o2','Forage legume','',NULL,15);
INSERT INTO production_systems (id, code, name, description, documentation, category_id) VALUES (245,'o3','Lucerne','',NULL,15);
INSERT INTO production_systems (id, code, name, description, documentation, category_id) VALUES (246,'o4','Medicago (medic)','',NULL,15);
INSERT INTO production_systems (id, code, name, description, documentation, category_id) VALUES (247,'o5','Brachiaria','',NULL,15);
INSERT INTO production_systems (id, code, name, description, documentation, category_id) VALUES (248,'p1','Storage','',NULL,16);
INSERT INTO production_systems (id, code, name, description, documentation, category_id) VALUES (249,'p2','Crib','',NULL,16);
INSERT INTO production_systems (id, code, name, description, documentation, category_id) VALUES (250,'p3','Sack','',NULL,16);
INSERT INTO production_systems (id, code, name, description, documentation, category_id) VALUES (251,'p4','Mud silos','',NULL,16);
INSERT INTO production_systems (id, code, name, description, documentation, category_id) VALUES (252,'p5','Polyethylene bag','',NULL,16);
INSERT INTO production_systems (id, code, name, description, documentation, category_id) VALUES (253,'p6','Ava','Traditional, cylindrical structure with walls made of woven vegetable material in Benin',NULL,16);
INSERT INTO production_systems (id, code, name, description, documentation, category_id) VALUES (254,'p7','Improved granary','',NULL,16);
INSERT INTO production_systems (id, code, name, description, documentation, category_id) VALUES (255,'p8','Traditional granary','',NULL,16);
INSERT INTO production_systems (id, code, name, description, documentation, category_id) VALUES (256,'q1','Maize straw/stover','',NULL,17);
INSERT INTO production_systems (id, code, name, description, documentation, category_id) VALUES (257,'q2','Rice residues','',NULL,17);
INSERT INTO production_systems (id, code, name, description, documentation, category_id) VALUES (258,'q3','Groundnut residues','',NULL,17);
INSERT INTO production_systems (id, code, name, description, documentation, category_id) VALUES (259,'q4','Sorgum residues','',NULL,17);
INSERT INTO production_systems (id, code, name, description, documentation, category_id) VALUES (260,'q5','soybean residues','',NULL,17);
INSERT INTO production_systems (id, code, name, description, documentation, category_id) VALUES (261,'r1','N-fixing','',NULL,18);
INSERT INTO production_systems (id, code, name, description, documentation, category_id) VALUES (262,'r2','Non N-fixing','',NULL,18);
INSERT INTO production_systems (id, code, name, description, documentation, category_id) VALUES (263,'s1','Sunhemp','',NULL,19);
INSERT INTO production_systems (id, code, name, description, documentation, category_id) VALUES (264,'s2','Sesbanias','',NULL,19);

INSERT INTO context_variables (id, code, name, description, documentation, scope) VALUES (1,'TA','Type of Article','Description of source that contains the data',NULL,'EXPERIMENT');
INSERT INTO context_variables (id, code, name, description, documentation, scope) VALUES (2,'TS','Type of Study','Description of the nature of the conducted study or experiment',NULL,'EXPERIMENT');

INSERT INTO context_values (id, code, name, description, documentation, context_variable_id) VALUES (1,'1','Peer Reviewed Article','An article published on a peer-reviewd publication',NULL,1);
INSERT INTO context_values (id, code, name, description, documentation, context_variable_id) VALUES (2,'2','Report','A publicly available report on project results',NULL,1);
INSERT INTO context_values (id, code, name, description, documentation, context_variable_id) VALUES (3,'3','Thesis/Dissertation','Documents from Doctoral/Master/Undergraduate Thesis',NULL,1);
INSERT INTO context_values (id, code, name, description, documentation, context_variable_id) VALUES (4,'4','Unpublished Data','Data collected on internal unpublished document',NULL,1);
INSERT INTO context_values (id, code, name, description, documentation, context_variable_id) VALUES (5,'5','Working Paper','An internal unpublished document from a project',NULL,1);
INSERT INTO context_values (id, code, name, description, documentation, context_variable_id) VALUES (6,'6','Book Chapter','Chapter of apublished book',NULL,1);
INSERT INTO context_values (id, code, name, description, documentation, context_variable_id) VALUES (7,'1','Peer Reviewed Article','An article published on a peer-reviewd publication',NULL,2);
INSERT INTO context_values (id, code, name, description, documentation, context_variable_id) VALUES (8,'2','Report','A publicly available report on project results',NULL,2);
INSERT INTO context_values (id, code, name, description, documentation, context_variable_id) VALUES (9,'3','Thesis/Dissertation','Documents from Doctoral/Master/Undergraduate Thesis',NULL,2);
INSERT INTO context_values (id, code, name, description, documentation, context_variable_id) VALUES (10,'4','Unpublished Data','Data collected on internal unpublished document',NULL,2);
INSERT INTO context_values (id, code, name, description, documentation, context_variable_id) VALUES (11,'5','Working Paper','An internal unpublished document from a project',NULL,2);
INSERT INTO context_values (id, code, name, description, documentation, context_variable_id) VALUES (12,'6','Book Chapter','Chapter of apublished book',NULL,2);
INSERT INTO context_values (id, code, name, description, documentation, context_variable_id) VALUES (13,'7','Combination 1-6','A combination of previews items',NULL,2);
INSERT INTO context_values (id, code, name, description, documentation, context_variable_id) VALUES (14,'8','Interview','Interviews and semistructured questionnaires',NULL,2);
INSERT INTO context_values (id, code, name, description, documentation, context_variable_id) VALUES (15,'9','PRAs','Focus Groups, Community Activties',NULL,2);

-- Practices and indicators data

INSERT INTO practice_themes (id, code, description, documentation, name) VALUES (1, '1', NULL, NULL, 'Agroforestry');
INSERT INTO practice_themes (id, code, description, documentation, name) VALUES (2, '2', NULL, NULL, 'Agronomy');        
INSERT INTO practice_themes (id, code, description, documentation, name) VALUES (3, '3', NULL, NULL, 'Food energy systems');             
INSERT INTO practice_themes (id, code, description, documentation, name) VALUES (4, '4', NULL, NULL, 'Livestock');       
INSERT INTO practice_themes (id, code, description, documentation, name) VALUES (5, '5', NULL, NULL, 'Post Harvest');    
INSERT INTO practice_themes (id, code, description, documentation, name) VALUES (6, '6', NULL, NULL, 'Non-priority CSA');
INSERT INTO practice_themes (id, code, description, documentation, name) VALUES (9, '9', NULL, NULL, 'Other');           
INSERT INTO practice_themes (id, code, description, documentation, name) VALUES (10, '10', NULL, NULL, 'Non-CSA');

INSERT INTO practice_levels (id, code, description, documentation, name, theme_id) VALUES (1, '1', NULL, NULL, 'Land restoration', 1);   
INSERT INTO practice_levels (id, code, description, documentation, name, theme_id) VALUES (2, '2', NULL, NULL, 'Intercropping', 1);      
INSERT INTO practice_levels (id, code, description, documentation, name, theme_id) VALUES (3, '3', NULL, NULL, 'Parklands', 1);          
INSERT INTO practice_levels (id, code, description, documentation, name, theme_id) VALUES (4, '4', NULL, NULL, 'Boundary planting', 1);  
INSERT INTO practice_levels (id, code, description, documentation, name, theme_id) VALUES (5, '5', NULL, NULL, 'Silvopasture', 1);       
INSERT INTO practice_levels (id, code, description, documentation, name, theme_id) VALUES (6, '6', NULL, NULL, 'Multi-strata agroforestry', 1);          
INSERT INTO practice_levels (id, code, description, documentation, name, theme_id) VALUES (7, '7', NULL, NULL, 'Combined treatment', 1); 
INSERT INTO practice_levels (id, code, description, documentation, name, theme_id) VALUES (8, '8', NULL, NULL, 'Combined organic and inorganic Fertilization', 2);       
INSERT INTO practice_levels (id, code, description, documentation, name, theme_id) VALUES (9, '9', NULL, NULL, 'Conservation Agriculture', 2);           
INSERT INTO practice_levels (id, code, description, documentation, name, theme_id) VALUES (10, '10', NULL, NULL, 'Crop Rotations', 2);   
INSERT INTO practice_levels (id, code, description, documentation, name, theme_id) VALUES (11, '11', NULL, NULL, 'Crop Tolerance to Stress', 2);         
INSERT INTO practice_levels (id, code, description, documentation, name, theme_id) VALUES (12, '12', NULL, NULL, 'Crop Tolerance to Stress Part 2', 2);  
INSERT INTO practice_levels (id, code, description, documentation, name, theme_id) VALUES (13, '13', NULL, NULL, 'Diversification', 2);  
INSERT INTO practice_levels (id, code, description, documentation, name, theme_id) VALUES (14, '14', NULL, NULL, 'Green Manures/cover crop', 2);         
INSERT INTO practice_levels (id, code, description, documentation, name, theme_id) VALUES (15, '15', NULL, NULL, 'Improved Rice Management', 2);         
INSERT INTO practice_levels (id, code, description, documentation, name, theme_id) VALUES (16, '16', NULL, NULL, 'Inorganic inputs (NPK)', 2);           
INSERT INTO practice_levels (id, code, description, documentation, name, theme_id) VALUES (17, '17', NULL, NULL, 'Input', 2);            
INSERT INTO practice_levels (id, code, description, documentation, name, theme_id) VALUES (18, '18', NULL, NULL, 'Integrated nutrient management', 2);   
INSERT INTO practice_levels (id, code, description, documentation, name, theme_id) VALUES (19, '19', NULL, NULL, 'Mulching', 2);         
INSERT INTO practice_levels (id, code, description, documentation, name, theme_id) VALUES (20, '20', NULL, NULL, 'Organic (bioinput)', 2);               
INSERT INTO practice_levels (id, code, description, documentation, name, theme_id) VALUES (21, '21', NULL, NULL, 'pH control', 2);       
INSERT INTO practice_levels (id, code, description, documentation, name, theme_id) VALUES (22, '22', NULL, NULL, 'Restoration of degraded land', 2);     
INSERT INTO practice_levels (id, code, description, documentation, name, theme_id) VALUES (23, '23', NULL, NULL, 'Small scale irrigation (farm/field)', 2);              
INSERT INTO practice_levels (id, code, description, documentation, name, theme_id) VALUES (24, '24', NULL, NULL, 'Small scale irrigation Part 2', 2);    
INSERT INTO practice_levels (id, code, description, documentation, name, theme_id) VALUES (25, '25', NULL, NULL, 'Tilling', 2);          
INSERT INTO practice_levels (id, code, description, documentation, name, theme_id) VALUES (26, '26', NULL, NULL, 'Combined agronomy treatment', 2);      
INSERT INTO practice_levels (id, code, description, documentation, name, theme_id) VALUES (27, '27', NULL, NULL, 'Organic inputs (other)', 2);           
INSERT INTO practice_levels (id, code, description, documentation, name, theme_id) VALUES (28, '28', NULL, NULL, 'Crop Rotation', 2);    
INSERT INTO practice_levels (id, code, description, documentation, name, theme_id) VALUES (29, '29', NULL, NULL, 'Fertilizer', 2);       
INSERT INTO practice_levels (id, code, description, documentation, name, theme_id) VALUES (30, '30', NULL, NULL, 'relay cropping', 2);   
INSERT INTO practice_levels (id, code, description, documentation, name, theme_id) VALUES (31, '31', NULL, NULL, 'crop rotation', 2);    
INSERT INTO practice_levels (id, code, description, documentation, name, theme_id) VALUES (32, '32', NULL, NULL, 'Biogas from anaerobic-, bio- digesters', 3);           
INSERT INTO practice_levels (id, code, description, documentation, name, theme_id) VALUES (33, '33', NULL, NULL, 'Improved cookstoves', 3);              
INSERT INTO practice_levels (id, code, description, documentation, name, theme_id) VALUES (34, '34', NULL, NULL, 'Energy switching', 3); 
INSERT INTO practice_levels (id, code, description, documentation, name, theme_id) VALUES (35, '35', NULL, NULL, 'Biofertilizer', 3);    
INSERT INTO practice_levels (id, code, description, documentation, name, theme_id) VALUES (36, '36', NULL, NULL, 'Aquasilviculture', 4); 
INSERT INTO practice_levels (id, code, description, documentation, name, theme_id) VALUES (37, '37', NULL, NULL, 'Diet management', 4);  
INSERT INTO practice_levels (id, code, description, documentation, name, theme_id) VALUES (38, '38', NULL, NULL, 'Disease management', 4);               
INSERT INTO practice_levels (id, code, description, documentation, name, theme_id) VALUES (39, '39', NULL, NULL, 'Genetic improvement', 4);              
INSERT INTO practice_levels (id, code, description, documentation, name, theme_id) VALUES (40, '40', NULL, NULL, 'Improved pastures', 4);
INSERT INTO practice_levels (id, code, description, documentation, name, theme_id) VALUES (41, '41', NULL, NULL, 'Manure management', 4);
INSERT INTO practice_levels (id, code, description, documentation, name, theme_id) VALUES (42, '42', NULL, NULL, 'Rotational grazing', 4);               
INSERT INTO practice_levels (id, code, description, documentation, name, theme_id) VALUES (43, '43', NULL, NULL, 'Harvesting technique', 5);             
INSERT INTO practice_levels (id, code, description, documentation, name, theme_id) VALUES (44, '44', NULL, NULL, 'Improved on-farm storage', 5);         
INSERT INTO practice_levels (id, code, description, documentation, name, theme_id) VALUES (45, '45', NULL, NULL, 'Non-priority CSA', 6); 
INSERT INTO practice_levels (id, code, description, documentation, name, theme_id) VALUES (46, '46', NULL, NULL, 'Fertigation', 6);      
INSERT INTO practice_levels (id, code, description, documentation, name, theme_id) VALUES (47, '47', NULL, NULL, 'Solar heating', 6);    
INSERT INTO practice_levels (id, code, description, documentation, name, theme_id) VALUES (48, '48', NULL, NULL, 'other organic inputs', 6);             
INSERT INTO practice_levels (id, code, description, documentation, name, theme_id) VALUES (49, '49', NULL, NULL, 'up and downslope cultivation', 6);     
INSERT INTO practice_levels (id, code, description, documentation, name, theme_id) VALUES (50, '50', NULL, NULL, 'contour planting', 6); 
INSERT INTO practice_levels (id, code, description, documentation, name, theme_id) VALUES (51, '51', NULL, NULL, 'hedging', 6);          
INSERT INTO practice_levels (id, code, description, documentation, name, theme_id) VALUES (52, '52', NULL, NULL, 'fertilization', 6);    
INSERT INTO practice_levels (id, code, description, documentation, name, theme_id) VALUES (53, '53', NULL, NULL, 'residual effect of an inputs (chemical or organic)', 6);               
INSERT INTO practice_levels (id, code, description, documentation, name, theme_id) VALUES (54, '54', NULL, NULL, 'inputs', 6);           
INSERT INTO practice_levels (id, code, description, documentation, name, theme_id) VALUES (55, '55', NULL, NULL, 'irrigation', 6);       
INSERT INTO practice_levels (id, code, description, documentation, name, theme_id) VALUES (56, '56', NULL, NULL, 'other organic input', 6);              
INSERT INTO practice_levels (id, code, description, documentation, name, theme_id) VALUES (57, '57', NULL, NULL, 'combined treatment', 6);               
INSERT INTO practice_levels (id, code, description, documentation, name, theme_id) VALUES (58, '58', NULL, NULL, 'fertilization/irrigation', 6);         
INSERT INTO practice_levels (id, code, description, documentation, name, theme_id) VALUES (59, '59', NULL, NULL, 'Combined CSA + Non-CSA', 9);           
INSERT INTO practice_levels (id, code, description, documentation, name, theme_id) VALUES (60, '60', NULL, NULL, 'Specifiy - other practice not in this list', 9);       
INSERT INTO practice_levels (id, code, description, documentation, name, theme_id) VALUES (62, '62', NULL, NULL, 'Non-CSA', 10);
INSERT INTO practice_levels (id, code, description, documentation, name, theme_id) VALUES (63, '63', NULL, NULL, '(food energy)', 10);   
INSERT INTO practice_levels (id, code, description, documentation, name, theme_id) VALUES (64, '64', NULL, NULL, '(post harvest)', 10);  
INSERT INTO practice_levels (id, code, description, documentation, name, theme_id) VALUES (65, '65', NULL, NULL, 'water management', 10);
INSERT INTO practice_levels (id, code, description, documentation, name, theme_id) VALUES (66, '66', NULL, NULL, 'soil management', 10); 
INSERT INTO practice_levels (id, code, description, documentation, name, theme_id) VALUES (67, '67', NULL, NULL, 'agronomy', 10);        
INSERT INTO practice_levels (id, code, description, documentation, name, theme_id) VALUES (68, '68', NULL, NULL, 'combined non CSA', 10);
INSERT INTO practice_levels (id, code, description, documentation, name, theme_id) VALUES (69, '69', NULL, NULL, 'agroforestry', 10);    
INSERT INTO practice_levels (id, code, description, documentation, name, theme_id) VALUES (70, '70', NULL, NULL, 'rice systems', 10);    
INSERT INTO practice_levels (id, code, description, documentation, name, theme_id) VALUES (71, '71', NULL, NULL, 'agronomy irrigation details', 10);

INSERT INTO practices (from_compendium, id, code, description, documentation, name, tags, level_id) VALUES (1, 1, 'a1', 'Systematic regrowth of tress or seeds on agricultural, forest or pasture land. It is used in areas where there are stumps that can coppice or seeds that can germinate', NULL, 'Farmer managed natural regeneration', '', 1);   
INSERT INTO practices (from_compendium, id, code, description, documentation, name, tags, level_id) VALUES (1, 2, 'a2', '', NULL, 'Intercropping (agroforestry) in rows/alleys (both)', '', 2);          
INSERT INTO practices (from_compendium, id, code, description, documentation, name, tags, level_id) VALUES (1, 3, 'a3', 'woody species in arranged in rows; agricultural species in alleys in between hedges; microzonal or strip arrangemnet; Interaction of woody perennials (fast growing, leguminous that coppice) and crops. OBS: sometimes referred to as hedgerow intercropping, not to confuse with hedgerow boundary planting!!', NULL, 'Intercropping (agroforestry) in rows/alleys (N-fix)', '', 2);          
INSERT INTO practices (from_compendium, id, code, description, documentation, name, tags, level_id) VALUES (1, 4, 'a4', 'Intercropping with trees and shrubs (non-N-fix) and grass', NULL, 'Intercropping (agroforestry) in rows/alleys (non-N-fix)', '', 2);            
INSERT INTO practices (from_compendium, id, code, description, documentation, name, tags, level_id) VALUES (1, 5, 'a5', 'trees/shrubs/grass strip scattered in the field', NULL, 'Intercropping (agroforestry) mix (both)', '', 2);   
INSERT INTO practices (from_compendium, id, code, description, documentation, name, tags, level_id) VALUES (1, 6, 'a6', 'trees/shrubs/grass strip scattered in the field', NULL, 'Intercropping (agroforestry) mix (N-fix)', '', 2);     
INSERT INTO practices (from_compendium, id, code, description, documentation, name, tags, level_id) VALUES (1, 7, 'a7', 'trees/shrubs/grass strip scattered in the field', NULL, 'Intercropping (agroforestry) mix (non-N-fix)', '', 2); 
INSERT INTO practices (from_compendium, id, code, description, documentation, name, tags, level_id) VALUES (1, 8, 'a8', 'Intercropping under scattered or regularly planted trees "Scattered multipurpose trees occur on farmlands as a result of farmer selection and protection"', NULL, 'Parklands', '', 3);          
INSERT INTO practices (from_compendium, id, code, description, documentation, name, tags, level_id) VALUES (1, 9, 'a9', 'Barriers of trees or shrubs that protect crops and forage against wind', NULL, 'windbreaks, shelterbelts', '', 4);              
INSERT INTO practices (from_compendium, id, code, description, documentation, name, tags, level_id) VALUES (1, 10, 'a10', 'Live fence and hedges are planted in rows along the edge of the field to reduce the effect of wind or runoff on crops', NULL, 'Living fences / hedges / riparian buffer strip', '', 4);       
INSERT INTO practices (from_compendium, id, code, description, documentation, name, tags, level_id) VALUES (1, 11, 'a11', 'Combination of trees or shrubs with forage (pasture grass) and livestock', NULL, 'Silvopasture', '', 5);      
INSERT INTO practices (from_compendium, id, code, description, documentation, name, tags, level_id) VALUES (1, 12, 'a12', 'Several strata of trees occupied by tree crops (coffee, tea, cacao, banana etc) with shade trees include two or more vegetation layers and more than one tree species. Multistorey systems. Several strata of trees occupied by tree crops (coffee, tea, cacao, banana etc) with shade trees \\n- include two or more vegetation layers and more than one tree species \\n- multiple tree crop species and crops (N-fixing legume cover crops', NULL, 'Multi-strata agroforestry', '', 6);        
INSERT INTO practices (from_compendium, id, code, description, documentation, name, tags, level_id) VALUES (1, 13, 'a13', '', NULL, '', '', 7);          
INSERT INTO practices (from_compendium, id, code, description, documentation, name, tags, level_id) VALUES (1, 14, 'a14', 'for example, if no information on what kind of species (N-fix/non-N-fix etc) or the spacing', NULL, 'Intercropping (agroforestry) unspecified', '', 2);       
INSERT INTO practices (from_compendium, id, code, description, documentation, name, tags, level_id) VALUES (1, 15, 'b1', 'Using a combination of both organic and inorganic inputs', NULL, '', '', 8);   
INSERT INTO practices (from_compendium, id, code, description, documentation, name, tags, level_id) VALUES (1, 16, 'b2', 'Only includes all 3 practices: reduced til, crop rotation, and soil cover', NULL, 'Conservation Agriculture: reduce till, crop rotations, soil cover', '', 9); 
INSERT INTO practices (from_compendium, id, code, description, documentation, name, tags, level_id) VALUES (1, 17, 'b3', 'Crop rotation - Crop combination', NULL, 'Crop rotation - Crop combination', '', 10);          
INSERT INTO practices (from_compendium, id, code, description, documentation, name, tags, level_id) VALUES (1, 18, 'b4', 'Testing different crops and cultivars and their potential resistance to drought', NULL, 'seed bank', '', 11);  
INSERT INTO practices (from_compendium, id, code, description, documentation, name, tags, level_id) VALUES (1, 19, 'b5', 'Testing different crops and cultivars and their potential resistance to heat', NULL, 'Heat tolerance', '', 11);
INSERT INTO practices (from_compendium, id, code, description, documentation, name, tags, level_id) VALUES (1, 20, 'b6', 'Testing different crops and cultivars and their potential resistance to salt stress', NULL, 'Salinity Tolerance', '', 12);     
INSERT INTO practices (from_compendium, id, code, description, documentation, name, tags, level_id) VALUES (1, 21, 'b7', 'Increase the number and kind of crops in the rotation in both space (field/farm? and in time (over the cropping cycle))', NULL, 'Increased diversity in rotation', '', 13);    
INSERT INTO practices (from_compendium, id, code, description, documentation, name, tags, level_id) VALUES (1, 22, 'b8', 'Increasing the diversity in the types of crops grown in the field/farm. i.e. instead of just maize, they add sweet potato, yam, sorghum etc', NULL, 'Increased diversity of crops', '', 13);   
INSERT INTO practices (from_compendium, id, code, description, documentation, name, tags, level_id) VALUES (1, 23, 'b9', 'Increasing the number of cultivars in field/farm. i.e. varieties of maize', NULL, 'Increased diversty of cultivars', '', 13);  
INSERT INTO practices (from_compendium, id, code, description, documentation, name, tags, level_id) VALUES (1, 24, 'b10', 'Multiple crops in an area in a given time (also integration of livestock)', NULL, 'Polyculture system', '', 13);              
INSERT INTO practices (from_compendium, id, code, description, documentation, name, tags, level_id) VALUES (1, 25, 'b11', 'Green manures of leguminous crops', NULL, 'Green Manure - Leguminous', '', 14);               
INSERT INTO practices (from_compendium, id, code, description, documentation, name, tags, level_id) VALUES (1, 26, 'b12', 'Green manures of NON-leguminous crops', NULL, 'Green Manure - of non Leguminous', '', 14);    
INSERT INTO practices (from_compendium, id, code, description, documentation, name, tags, level_id) VALUES (1, 27, 'b13', 'AWD is flooding and draining and flooding.', NULL, 'Alternate wetting and drying (AWD)', '', 15);             
INSERT INTO practices (from_compendium, id, code, description, documentation, name, tags, level_id) VALUES (1, 28, 'b14', 'the field is drained midseason (not reflooded)', NULL, 'Mid-season drainage', '', 15);        
INSERT INTO practices (from_compendium, id, code, description, documentation, name, tags, level_id) VALUES (1, 29, 'b15', 'A System package - includes early transpat (8-12 days), 25cm distance, alternate wet and dry', NULL, 'System of Rice Intensification (SRI)', '', 15);         
INSERT INTO practices (from_compendium, id, code, description, documentation, name, tags, level_id) VALUES (1, 30, 'b16', 'Using N,P,K inorganic inputs on fields can test timing and amount', NULL, 'Inorganic inputs - K', '', 16);    
INSERT INTO practices (from_compendium, id, code, description, documentation, name, tags, level_id) VALUES (1, 31, 'b17', 'Using N,P,K inorganic inputs on fields can test timing and amount', NULL, 'Inorganic inputs - N', '', 16);    
INSERT INTO practices (from_compendium, id, code, description, documentation, name, tags, level_id) VALUES (1, 32, 'b18', 'Using N,P,K inorganic inputs on fields can test timing and amount', NULL, 'Inorganic inputs - N,K', '', 16);  
INSERT INTO practices (from_compendium, id, code, description, documentation, name, tags, level_id) VALUES (1, 33, 'b19', 'Using N,P,K inorganic inputs on fields can test timing and amount', NULL, 'Inorganic inputs - N,P', '', 16);  
INSERT INTO practices (from_compendium, id, code, description, documentation, name, tags, level_id) VALUES (1, 34, 'b20', 'Using N,P,K inorganic inputs on fields can test timing and amount', NULL, 'Inorganic inputs - N,P,K', '', 16);
INSERT INTO practices (from_compendium, id, code, description, documentation, name, tags, level_id) VALUES (1, 35, 'b21', 'Using N,P,K inorganic inputs on fields can test timing and amount', NULL, 'Inorganic inputs - P', '', 16);    
INSERT INTO practices (from_compendium, id, code, description, documentation, name, tags, level_id) VALUES (1, 36, 'b22', 'Using N,P,K inorganic inputs on fields can test timing and amount', NULL, 'Inorganic inputs - P, K', '', 16); 
INSERT INTO practices (from_compendium, id, code, description, documentation, name, tags, level_id) VALUES (1, 37, 'b23', '', NULL, 'Urea', '', 17);     
INSERT INTO practices (from_compendium, id, code, description, documentation, name, tags, level_id) VALUES (1, 38, 'b24', 'Discussed by the author as a whole', NULL, 'Integrate Nutrient Management discussed as a whole', '', 18);     
INSERT INTO practices (from_compendium, id, code, description, documentation, name, tags, level_id) VALUES (1, 39, 'b25', 'Intercropping with leguminous crops', NULL, 'Intercropping (agronomy) with leguminous crops', '', 2);         
INSERT INTO practices (from_compendium, id, code, description, documentation, name, tags, level_id) VALUES (1, 40, 'b26', 'Mulching with materials such as plastic', NULL, 'Mulching - External material (plastic)', '', 19);            
INSERT INTO practices (from_compendium, id, code, description, documentation, name, tags, level_id) VALUES (1, 41, 'b27', 'Mulching with plant residues that are not explicitly green manure', NULL, 'Mulching - Plant residues that is not green manure', '', 19);      
INSERT INTO practices (from_compendium, id, code, description, documentation, name, tags, level_id) VALUES (1, 42, 'b28', 'Application of biochar in the field', NULL, 'Biochar', '', 20);               
INSERT INTO practices (from_compendium, id, code, description, documentation, name, tags, level_id) VALUES (1, 43, 'b29', 'Application of compost to the field', NULL, 'Compost', '', 20);               
INSERT INTO practices (from_compendium, id, code, description, documentation, name, tags, level_id) VALUES (1, 44, 'b30', 'Application of manure to the field', NULL, 'Manure', '', 20); 
INSERT INTO practices (from_compendium, id, code, description, documentation, name, tags, level_id) VALUES (1, 45, 'b31', 'a mixture of residues, manure, biochar, compost, (one or more applied at one time)', NULL, 'combined organic treatments/inputs', '', 20);     
INSERT INTO practices (from_compendium, id, code, description, documentation, name, tags, level_id) VALUES (1, 46, 'b32', 'Application of lime/Ca on the field', NULL, 'Liming or Ca', '', 21);          
INSERT INTO practices (from_compendium, id, code, description, documentation, name, tags, level_id) VALUES (1, 47, 'b33', 'Identified in paper by author - small pit in degraded land, filled with manure/compost/nutrients before rainy season to capture water and grow plants', NULL, 'Zai', '', 22); 
INSERT INTO practices (from_compendium, id, code, description, documentation, name, tags, level_id) VALUES (1, 48, 'b34', 'The use of plastic pipes to drip water into the soil at low pressure', NULL, 'Drip irrigation', '', 23);      
INSERT INTO practices (from_compendium, id, code, description, documentation, name, tags, level_id) VALUES (1, 49, 'b35', 'Collection and storage of water runoff for irrigation purposes', NULL, 'Water harvest/storage', '', 23);      
INSERT INTO practices (from_compendium, id, code, description, documentation, name, tags, level_id) VALUES (1, 50, 'b36', 'Also called partial root zone drying PRD - part of the root is exposed to drying soil and the remaining is irrigated in accordance with crop requirements and soil drying rate', NULL, 'Alternate partial root zone irrigation', '', 24);     
INSERT INTO practices (from_compendium, id, code, description, documentation, name, tags, level_id) VALUES (1, 51, 'b37', 'Application of water below full crop requirements', NULL, 'deficit irrigation', '', 24);      
INSERT INTO practices (from_compendium, id, code, description, documentation, name, tags, level_id) VALUES (1, 52, 'b38', 'No-till as defined by author', NULL, 'No till/plough', '', 25);               
INSERT INTO practices (from_compendium, id, code, description, documentation, name, tags, level_id) VALUES (1, 53, 'b39', 'Any tilling practice which aims to reduce soil disturbance', NULL, 'Reduced till/plough', '', 25);            
INSERT INTO practices (from_compendium, id, code, description, documentation, name, tags, level_id) VALUES (1, 54, 'b40', '', NULL, 'Other combined agronomy practices (apart from organic and inorganic inputs)', '', 26);              
INSERT INTO practices (from_compendium, id, code, description, documentation, name, tags, level_id) VALUES (1, 55, 'b41', 'The addition of crop residues (unspecified) e.g. prunings', NULL, 'Crop residue', '', 20);    
INSERT INTO practices (from_compendium, id, code, description, documentation, name, tags, level_id) VALUES (1, 56, 'b42', '', NULL, 'Other organic inputs not on CSA list (e.g. vermicompost, urine, earthworms, ash)', '', 27);         
INSERT INTO practices (from_compendium, id, code, description, documentation, name, tags, level_id) VALUES (1, 57, 'b43', '', NULL, 'Crop Rotation with Legume', '', 28);
INSERT INTO practices (from_compendium, id, code, description, documentation, name, tags, level_id) VALUES (1, 58, 'b44', '', NULL, 'Other inorganic fertilizer (NOT NPK)', '', 29);     
INSERT INTO practices (from_compendium, id, code, description, documentation, name, tags, level_id) VALUES (1, 59, 'b45', '', NULL, 'stone rows', '', 23);               
INSERT INTO practices (from_compendium, id, code, description, documentation, name, tags, level_id) VALUES (1, 60, 'b46', '', NULL, 'grass strips', '', 23);             
INSERT INTO practices (from_compendium, id, code, description, documentation, name, tags, level_id) VALUES (1, 61, 'b47', '', NULL, 'basins', '', 23);   
INSERT INTO practices (from_compendium, id, code, description, documentation, name, tags, level_id) VALUES (1, 62, 'b48', '', NULL, 'double cropping/relay cropping', '', 30);           
INSERT INTO practices (from_compendium, id, code, description, documentation, name, tags, level_id) VALUES (1, 63, 'b49', '', NULL, 'crop rotation (adding non-legumes in sequence)', '', 31);           
INSERT INTO practices (from_compendium, id, code, description, documentation, name, tags, level_id) VALUES (1, 64, 'b50', '', NULL, 'intercropping non legume', '', 2);  
INSERT INTO practices (from_compendium, id, code, description, documentation, name, tags, level_id) VALUES (1, 65, 'b51', '', NULL, 'Mulching - using gravel (not plant residues)', '', 19);             
INSERT INTO practices (from_compendium, id, code, description, documentation, name, tags, level_id) VALUES (1, 66, 'b52', '', NULL, 'microcatchment', '', 23);           
INSERT INTO practices (from_compendium, id, code, description, documentation, name, tags, level_id) VALUES (1, 67, 'c1', '', NULL, 'Biogas from anaerobic-, bio- digesters', '', 32);    
INSERT INTO practices (from_compendium, id, code, description, documentation, name, tags, level_id) VALUES (1, 68, 'c2', '', NULL, 'Improved cookstove', '', 33);        
INSERT INTO practices (from_compendium, id, code, description, documentation, name, tags, level_id) VALUES (1, 69, 'c3', '', NULL, 'Changing biomass feedstocks (for cookstoves or biodigestors only)', '', 34);         
INSERT INTO practices (from_compendium, id, code, description, documentation, name, tags, level_id) VALUES (1, 70, 'c4', '', NULL, 'Biodigestor slurry (biofertilizer)', '', 35);        
INSERT INTO practices (from_compendium, id, code, description, documentation, name, tags, level_id) VALUES (1, 71, 'd1', 'Aquaculture practise tha is combined with forest cultivation/activities', NULL, 'Aquasilviculture', '', 36);   
INSERT INTO practices (from_compendium, id, code, description, documentation, name, tags, level_id) VALUES (1, 72, 'd2', '', NULL, 'Integrated multitrophic aquaculture', '', 36);       
INSERT INTO practices (from_compendium, id, code, description, documentation, name, tags, level_id) VALUES (1, 73, 'd3', '', NULL, 'Improved feed acceptability, palatability and digestibility', '', 37);               
INSERT INTO practices (from_compendium, id, code, description, documentation, name, tags, level_id) VALUES (1, 74, 'd4', '', NULL, 'Improved protein and energy intake', '', 37);        
INSERT INTO practices (from_compendium, id, code, description, documentation, name, tags, level_id) VALUES (1, 75, 'd5', 'use of any feed ingredients that is not directly in use for human consumption', NULL, 'Non-conventional feeds', '', 37);       
INSERT INTO practices (from_compendium, id, code, description, documentation, name, tags, level_id) VALUES (1, 76, 'd6', '', NULL, 'Biological control of vectors', '', 38);             
INSERT INTO practices (from_compendium, id, code, description, documentation, name, tags, level_id) VALUES (1, 77, 'd7', '', NULL, 'Raising of resistance breeds', '', 38);              
INSERT INTO practices (from_compendium, id, code, description, documentation, name, tags, level_id) VALUES (1, 78, 'd8', '', NULL, 'Assisted reproduction', '', 39);     
INSERT INTO practices (from_compendium, id, code, description, documentation, name, tags, level_id) VALUES (1, 79, 'd9', '', NULL, 'Changing breeds', '', 39);           
INSERT INTO practices (from_compendium, id, code, description, documentation, name, tags, level_id) VALUES (1, 80, 'd10', '', NULL, 'Hybridization', '', 39);            
INSERT INTO practices (from_compendium, id, code, description, documentation, name, tags, level_id) VALUES (1, 81, 'd11', '', NULL, 'Forage legumes', '', 40);           
INSERT INTO practices (from_compendium, id, code, description, documentation, name, tags, level_id) VALUES (1, 82, 'd12', '', NULL, 'Non-indigenous forage or fodder species', '', 40);  
INSERT INTO practices (from_compendium, id, code, description, documentation, name, tags, level_id) VALUES (1, 83, 'd13', '', NULL, 'Manure collection', '', 41);        
INSERT INTO practices (from_compendium, id, code, description, documentation, name, tags, level_id) VALUES (1, 84, 'd14', '', NULL, 'Manure storage', '', 41);           
INSERT INTO practices (from_compendium, id, code, description, documentation, name, tags, level_id) VALUES (1, 85, 'd15', '', NULL, 'Manure treatment', '', 41);         
INSERT INTO practices (from_compendium, id, code, description, documentation, name, tags, level_id) VALUES (1, 86, 'd16', '', NULL, 'Harvesting of high quality pasture', '', 42);       
INSERT INTO practices (from_compendium, id, code, description, documentation, name, tags, level_id) VALUES (1, 87, 'd17', '', NULL, 'Improved supplement use', '', 42);  
INSERT INTO practices (from_compendium, id, code, description, documentation, name, tags, level_id) VALUES (1, 88, 'd18', '', NULL, '', '', 7);          
INSERT INTO practices (from_compendium, id, code, description, documentation, name, tags, level_id) VALUES (1, 89, 'f1', '', NULL, 'Alternate harvesting techniques', '', 43);           
INSERT INTO practices (from_compendium, id, code, description, documentation, name, tags, level_id) VALUES (1, 90, 'f2', '', NULL, 'Harvesting time', '', 43);           
INSERT INTO practices (from_compendium, id, code, description, documentation, name, tags, level_id) VALUES (1, 91, 'f3', '', NULL, 'Improved drying techniques', '', 44);
INSERT INTO practices (from_compendium, id, code, description, documentation, name, tags, level_id) VALUES (1, 92, 'f4', '', NULL, 'Improved food/feed/seed/grain preservation technique', '', 44);      
INSERT INTO practices (from_compendium, id, code, description, documentation, name, tags, level_id) VALUES (1, 93, 'f5', '', NULL, 'Improved physical storage', '', 44); 
INSERT INTO practices (from_compendium, id, code, description, documentation, name, tags, level_id) VALUES (1, 94, 'g1', '', NULL, 'Non-priority CSA practice', '', 45); 
INSERT INTO practices (from_compendium, id, code, description, documentation, name, tags, level_id) VALUES (1, 95, 'g2', '', NULL, '', '', 46);          
INSERT INTO practices (from_compendium, id, code, description, documentation, name, tags, level_id) VALUES (1, 96, 'g3', '', NULL, '', '', 47);          
INSERT INTO practices (from_compendium, id, code, description, documentation, name, tags, level_id) VALUES (1, 97, 'g4', '', NULL, 'urban solid waste, Household waste', '', 48);        
INSERT INTO practices (from_compendium, id, code, description, documentation, name, tags, level_id) VALUES (1, 98, 'g5', '', NULL, 'industrial waste i.e. pulp mill waste, slaughterhouse waste, sugarcane waste', '', 48);              
INSERT INTO practices (from_compendium, id, code, description, documentation, name, tags, level_id) VALUES (1, 99, 'g6', '', NULL, 'vermicompost', '', 48);              
INSERT INTO practices (from_compendium, id, code, description, documentation, name, tags, level_id) VALUES (1, 100, 'g7', '', NULL, 'earthworms', '', 48);               
INSERT INTO practices (from_compendium, id, code, description, documentation, name, tags, level_id) VALUES (1, 101, 'g8', '', NULL, 'coir pith (coconut husks)', '', 48);
INSERT INTO practices (from_compendium, id, code, description, documentation, name, tags, level_id) VALUES (1, 102, 'g9', '', NULL, 'Other inorganic fertilizer (NOT NPK)', '', 29);     
INSERT INTO practices (from_compendium, id, code, description, documentation, name, tags, level_id) VALUES (1, 103, 'g10', '', NULL, '', '', 49);        
INSERT INTO practices (from_compendium, id, code, description, documentation, name, tags, level_id) VALUES (1, 104, 'g11', '', NULL, 'contour planting', '', 50);        
INSERT INTO practices (from_compendium, id, code, description, documentation, name, tags, level_id) VALUES (1, 105, 'g12', '', NULL, 'hedging', '', 51); 
INSERT INTO practices (from_compendium, id, code, description, documentation, name, tags, level_id) VALUES (1, 106, 'g13', '', NULL, 'subsoiling', '', 52);              
INSERT INTO practices (from_compendium, id, code, description, documentation, name, tags, level_id) VALUES (1, 107, 'g14', '', NULL, 'broadcast application', '', 52);   
INSERT INTO practices (from_compendium, id, code, description, documentation, name, tags, level_id) VALUES (1, 108, 'g15', '', NULL, '', '', 53);        
INSERT INTO practices (from_compendium, id, code, description, documentation, name, tags, level_id) VALUES (1, 109, 'g16', '', NULL, 'banding/ band placed fertilizer', '', 54);         
INSERT INTO practices (from_compendium, id, code, description, documentation, name, tags, level_id) VALUES (1, 110, 'g17', '', NULL, 'sub surface application', '', 54); 
INSERT INTO practices (from_compendium, id, code, description, documentation, name, tags, level_id) VALUES (1, 111, 'g18', '', NULL, 'irrigation spacing', '', 55);      
INSERT INTO practices (from_compendium, id, code, description, documentation, name, tags, level_id) VALUES (1, 112, 'g19', '', NULL, 'irrigation timing', '', 55);       
INSERT INTO practices (from_compendium, id, code, description, documentation, name, tags, level_id) VALUES (1, 113, 'g20', '', NULL, 'irrigation amounts/quantity/volume', '', 55);      
INSERT INTO practices (from_compendium, id, code, description, documentation, name, tags, level_id) VALUES (1, 114, 'g21', '', NULL, 'ash', '', 54);     
INSERT INTO practices (from_compendium, id, code, description, documentation, name, tags, level_id) VALUES (1, 115, 'g22', '', NULL, '', '', 52);        
INSERT INTO practices (from_compendium, id, code, description, documentation, name, tags, level_id) VALUES (1, 116, 'g23', '', NULL, 'basin irrigation', '', 55);        
INSERT INTO practices (from_compendium, id, code, description, documentation, name, tags, level_id) VALUES (1, 117, 'g24', '', NULL, 'other organic inputs (specify - for very particular/unique treatments)', '', 48);  
INSERT INTO practices (from_compendium, id, code, description, documentation, name, tags, level_id) VALUES (1, 118, 'g25', '', NULL, 'municipal soli waste compost', '', 56);            
INSERT INTO practices (from_compendium, id, code, description, documentation, name, tags, level_id) VALUES (1, 119, 'g26', '', NULL, 'combined priority and non-priority CSA treatment', '', 57);        
INSERT INTO practices (from_compendium, id, code, description, documentation, name, tags, level_id) VALUES (1, 120, 'g27', '', NULL, 'timing', '', 52);  
INSERT INTO practices (from_compendium, id, code, description, documentation, name, tags, level_id) VALUES (1, 121, 'g28', '', NULL, 'anthill', '', 48); 
INSERT INTO practices (from_compendium, id, code, description, documentation, name, tags, level_id) VALUES (1, 122, 'g29', '', NULL, 'saline irrigation', '', 55);       
INSERT INTO practices (from_compendium, id, code, description, documentation, name, tags, level_id) VALUES (1, 123, 'g30', '', NULL, 'amount', '', 52);  
INSERT INTO practices (from_compendium, id, code, description, documentation, name, tags, level_id) VALUES (1, 124, 'g31', '', NULL, 'micronutrient', '', 52);           
INSERT INTO practices (from_compendium, id, code, description, documentation, name, tags, level_id) VALUES (1, 125, 'g32', '', NULL, 'microdosing', '', 58);             
INSERT INTO practices (from_compendium, id, code, description, documentation, name, tags, level_id) VALUES (1, 126, 'i1', '', NULL, '', '', 59);         
INSERT INTO practices (from_compendium, id, code, description, documentation, name, tags, level_id) VALUES (1, 127, 'i2', '', NULL, '', '', 60);         
INSERT INTO practices (from_compendium, id, code, description, documentation, name, tags, level_id) VALUES (1, 128, 'h1', '', NULL, 'Non-CSA practice', '', 60);         
INSERT INTO practices (from_compendium, id, code, description, documentation, name, tags, level_id) VALUES (1, 129, 'h2', '', NULL, 'monoculture, sole crop', '', 62);   
INSERT INTO practices (from_compendium, id, code, description, documentation, name, tags, level_id) VALUES (1, 130, 'h3', '', NULL, 'forest', '', 62);   
INSERT INTO practices (from_compendium, id, code, description, documentation, name, tags, level_id) VALUES (1, 131, 'h4', '', NULL, 'shrubland', '', 62);
INSERT INTO practices (from_compendium, id, code, description, documentation, name, tags, level_id) VALUES (1, 132, 'h5', '', NULL, 'unimproved species/practice', '', 62);              
INSERT INTO practices (from_compendium, id, code, description, documentation, name, tags, level_id) VALUES (1, 133, 'h6', 'same as h26?', NULL, 'Conventional ploughing/tilling', '', 62);               
INSERT INTO practices (from_compendium, id, code, description, documentation, name, tags, level_id) VALUES (1, 134, 'h7', '', NULL, 'full irrigation', '', 62);          
INSERT INTO practices (from_compendium, id, code, description, documentation, name, tags, level_id) VALUES (1, 135, 'h8', '(similar to h41, rainfed)', NULL, 'No irrigation', '', 62);   
INSERT INTO practices (from_compendium, id, code, description, documentation, name, tags, level_id) VALUES (1, 136, 'h9', '(similar to h32)', NULL, 'No fertilization', '', 62);         
INSERT INTO practices (from_compendium, id, code, description, documentation, name, tags, level_id) VALUES (1, 137, 'h10', '', NULL, 'Conventional input use', '', 62);  
INSERT INTO practices (from_compendium, id, code, description, documentation, name, tags, level_id) VALUES (1, 138, 'h11', '', NULL, 'Synthetic herbicide', '', 62);     
INSERT INTO practices (from_compendium, id, code, description, documentation, name, tags, level_id) VALUES (1, 139, 'h12', '', NULL, 'Synthetic pesticide', '', 62);     
INSERT INTO practices (from_compendium, id, code, description, documentation, name, tags, level_id) VALUES (1, 140, 'h13', '', NULL, 'Synthetic insecticide', '', 62);   
INSERT INTO practices (from_compendium, id, code, description, documentation, name, tags, level_id) VALUES (1, 141, 'h14', '', NULL, 'traditional/unimproved/conventional stove technology', '', 63);    
INSERT INTO practices (from_compendium, id, code, description, documentation, name, tags, level_id) VALUES (1, 142, 'h15', '', NULL, 'conventional biomass feedstocks', '', 63);         
INSERT INTO practices (from_compendium, id, code, description, documentation, name, tags, level_id) VALUES (1, 143, 'h16', '', NULL, 'predominant biodigestor model', '', 63);           
INSERT INTO practices (from_compendium, id, code, description, documentation, name, tags, level_id) VALUES (1, 144, 'h17', '', NULL, 'bare soil/no cover/residue removed/no mulch', '', 64);             
INSERT INTO practices (from_compendium, id, code, description, documentation, name, tags, level_id) VALUES (1, 145, 'h18', '', NULL, 'conventional intercrop', '', 62);  
INSERT INTO practices (from_compendium, id, code, description, documentation, name, tags, level_id) VALUES (1, 146, 'h19', '', NULL, 'irrigation (unspecified)', '', 62);
INSERT INTO practices (from_compendium, id, code, description, documentation, name, tags, level_id) VALUES (1, 147, 'h20', '', NULL, 'indigenous storage structure', '', 64);            
INSERT INTO practices (from_compendium, id, code, description, documentation, name, tags, level_id) VALUES (1, 148, 'h21', '', NULL, 'traditional/unimproved storage structure', '', 64);
INSERT INTO practices (from_compendium, id, code, description, documentation, name, tags, level_id) VALUES (1, 149, 'h22', 'Paired most closely with CSA practice f4 - improved preservation technique', NULL, 'traditional/unimproved food/ feed/ seed preservation technique', '', 64);
INSERT INTO practices (from_compendium, id, code, description, documentation, name, tags, level_id) VALUES (1, 150, 'h23', '(see more details in other rows before you use this)', NULL, 'Irrigation (other)', '', 65);  
INSERT INTO practices (from_compendium, id, code, description, documentation, name, tags, level_id) VALUES (1, 151, 'h24', '', NULL, 'fallow', '', 62);  
INSERT INTO practices (from_compendium, id, code, description, documentation, name, tags, level_id) VALUES (1, 152, 'h25', '', NULL, 'furrow irrigation', '', 65);       
INSERT INTO practices (from_compendium, id, code, description, documentation, name, tags, level_id) VALUES (1, 153, 'h26', '', NULL, 'conventional energy sources', '', 63);             
INSERT INTO practices (from_compendium, id, code, description, documentation, name, tags, level_id) VALUES (1, 154, 'h27', 'same as h5', NULL, 'conventional/traditional ag practice (tillage, residue mgt, fertilization etc)', '', 66);
INSERT INTO practices (from_compendium, id, code, description, documentation, name, tags, level_id) VALUES (1, 155, 'h28', 'same as h35', NULL, 'No Residues added or left, no mulching', '', 67);       
INSERT INTO practices (from_compendium, id, code, description, documentation, name, tags, level_id) VALUES (1, 156, 'h29', '', NULL, 'No crop rotations', '', 67);       
INSERT INTO practices (from_compendium, id, code, description, documentation, name, tags, level_id) VALUES (1, 157, 'h30', '', NULL, 'traditional/unimproved drying technique', '', 64); 
INSERT INTO practices (from_compendium, id, code, description, documentation, name, tags, level_id) VALUES (1, 158, 'h31', '', NULL, 'Combined non-CSA treatment', '', 68);              
INSERT INTO practices (from_compendium, id, code, description, documentation, name, tags, level_id) VALUES (1, 159, 'h32', '', NULL, 'No inputs or amendements or mulch', '', 67);       
INSERT INTO practices (from_compendium, id, code, description, documentation, name, tags, level_id) VALUES (1, 160, 'h33', '', NULL, 'pasture/grassland', '', 69);       
INSERT INTO practices (from_compendium, id, code, description, documentation, name, tags, level_id) VALUES (1, 161, 'h34', '', NULL, 'traditional/conventional agroforests', '', 69);    
INSERT INTO practices (from_compendium, id, code, description, documentation, name, tags, level_id) VALUES (1, 162, 'h35', '', NULL, 'Residue removed', '', 67);         
INSERT INTO practices (from_compendium, id, code, description, documentation, name, tags, level_id) VALUES (1, 163, 'h36', '', NULL, 'burning of plot or residue', '', 67);              
INSERT INTO practices (from_compendium, id, code, description, documentation, name, tags, level_id) VALUES (1, 164, 'h37', '', NULL, 'field with only trees/tree plantation', '', 69);   
INSERT INTO practices (from_compendium, id, code, description, documentation, name, tags, level_id) VALUES (1, 165, 'h38', '', NULL, 'no rotation/continuous cropping', '', 67);         
INSERT INTO practices (from_compendium, id, code, description, documentation, name, tags, level_id) VALUES (1, 166, 'h39', '', NULL, 'seed inputs without special tolerance', '', 67);   
INSERT INTO practices (from_compendium, id, code, description, documentation, name, tags, level_id) VALUES (1, 167, 'h40', '', NULL, 'farmer practice irrigation', '', 67);              
INSERT INTO practices (from_compendium, id, code, description, documentation, name, tags, level_id) VALUES (1, 168, 'h41', '', NULL, 'rainfed', '', 67); 
INSERT INTO practices (from_compendium, id, code, description, documentation, name, tags, level_id) VALUES (1, 169, 'h42', '', NULL, 'ground cover rice production system (GCRPS)', '', 67);             
INSERT INTO practices (from_compendium, id, code, description, documentation, name, tags, level_id) VALUES (1, 170, 'h43', '', NULL, 'no stress conditions', '', 62);    
INSERT INTO practices (from_compendium, id, code, description, documentation, name, tags, level_id) VALUES (1, 171, 'h44', '', NULL, 'other inputs', '', 62);            
INSERT INTO practices (from_compendium, id, code, description, documentation, name, tags, level_id) VALUES (1, 172, 'h45', '', NULL, 'uncultivated soil', '', 67);       
INSERT INTO practices (from_compendium, id, code, description, documentation, name, tags, level_id) VALUES (1, 173, 'h46', '', NULL, 'sprinkler irrigation', '', 67);    
INSERT INTO practices (from_compendium, id, code, description, documentation, name, tags, level_id) VALUES (1, 174, 'h47', '', NULL, 'unimproved water harvest/storage structure', '', 67);              
INSERT INTO practices (from_compendium, id, code, description, documentation, name, tags, level_id) VALUES (1, 175, 'h48', '', NULL, 'recommended managament practices of Rice', '', 70);
INSERT INTO practices (from_compendium, id, code, description, documentation, name, tags, level_id) VALUES (1, 176, 'h50', '', NULL, 'conventional crop rotation', '', 67);              
INSERT INTO practices (from_compendium, id, code, description, documentation, name, tags, level_id) VALUES (1, 177, 'h51', '', NULL, 'subsurface application (irrigation)', '', 71);     
INSERT INTO practices (from_compendium, id, code, description, documentation, name, tags, level_id) VALUES (1, 178, 'h52', '', NULL, 'surface application (irrigation)', '', 71);        
INSERT INTO practices (from_compendium, id, code, description, documentation, name, tags, level_id) VALUES (1, 179, 'h53', '', NULL, 'no water harvest/storage structure', '', 67);      
INSERT INTO practices (from_compendium, id, code, description, documentation, name, tags, level_id) VALUES (1, 180, 'h54', '', NULL, 'full capacity irrigation', '', 67);
INSERT INTO practices (from_compendium, id, code, description, documentation, name, tags, level_id) VALUES (1, 181, 'h55', '', NULL, 'traditional cultivar choice', '', 67);
